id,concept_id,relation_id
0,0,0
1,0,1
2,0,2
3,0,3
4,0,4
5,0,5
6,1,0
7,1,1
8,1,2
9,1,3
10,1,4
11,1,5
12,2,0
13,2,1
14,2,2
15,2,3
16,2,4
17,2,5
18,3,0
19,3,1
20,3,2
21,3,3
22,3,4
23,3,5
24,4,0
25,4,1
26,4,2
27,4,3
28,4,4
29,4,5
30,5,0
31,5,1
32,5,2
33,5,3
34,5,4
35,5,5
36,6,0
37,6,1
38,6,2
39,6,3
40,6,4
41,6,5
42,7,0
43,7,1
44,7,2
45,7,3
46,7,4
47,7,5
48,8,0
49,8,1
50,8,2
51,8,3
52,8,4
53,8,5
54,9,0
55,9,1
56,9,2
57,9,3
58,9,4
59,9,5
60,10,0
61,10,1
62,10,2
63,10,3
64,10,4
65,10,5
66,11,0
67,11,1
68,11,2
69,11,3
70,11,4
71,11,5
72,12,0
73,12,1
74,12,2
75,12,3
76,12,4
77,12,5
78,13,0
79,13,1
80,13,2
81,13,3
82,13,4
83,13,5
84,14,0
85,14,1
86,14,2
87,14,3
88,14,4
89,14,5
90,15,0
91,15,1
92,15,2
93,15,3
94,15,4
95,15,5
96,16,0
97,16,1
98,16,2
99,16,3
100,16,4
101,16,5
102,17,0
103,17,1
104,17,2
105,17,3
106,17,4
107,17,5
108,18,0
109,18,1
110,18,2
111,18,3
112,18,4
113,18,5
114,19,0
115,19,1
116,19,2
117,19,3
118,19,4
119,19,5
120,20,0
121,20,1
122,20,2
123,20,3
124,20,4
125,20,5
126,21,0
127,21,1
128,21,2
129,21,3
130,21,4
131,21,5
132,22,0
133,22,1
134,22,2
135,22,3
136,22,4
137,22,5
138,23,0
139,23,1
140,23,2
141,23,3
142,23,4
143,23,5
144,24,0
145,24,1
146,24,2
147,24,3
148,24,4
149,24,5
150,25,0
151,25,1
152,25,2
153,25,3
154,25,4
155,25,5
156,26,0
157,26,1
158,26,2
159,26,3
160,26,4
161,26,5
162,27,0
163,27,1
164,27,2
165,27,3
166,27,4
167,27,5
168,28,0
169,28,1
170,28,2
171,28,3
172,28,4
173,28,5
174,29,0
175,29,1
176,29,2
177,29,3
178,29,4
179,29,5
180,30,0
181,30,1
182,30,2
183,30,3
184,30,4
185,30,5
186,31,0
187,31,1
188,31,2
189,31,3
190,31,4
191,31,5
192,32,0
193,32,1
194,32,2
195,32,3
196,32,4
197,32,5
198,33,0
199,33,1
200,33,2
201,33,3
202,33,4
203,33,5
204,34,0
205,34,1
206,34,2
207,34,3
208,34,4
209,34,5
210,35,0
211,35,1
212,35,2
213,35,3
214,35,4
215,35,5
216,36,0
217,36,1
218,36,2
219,36,3
220,36,4
221,36,5
222,37,0
223,37,1
224,37,2
225,37,3
226,37,4
227,37,5
228,38,0
229,38,1
230,38,2
231,38,3
232,38,4
233,38,5
234,39,0
235,39,1
236,39,2
237,39,3
238,39,4
239,39,5
240,40,0
241,40,1
242,40,2
243,40,3
244,40,4
245,40,5
246,41,0
247,41,1
248,41,2
249,41,3
250,41,4
251,41,5
252,42,0
253,42,1
254,42,2
255,42,3
256,42,4
257,42,5
258,43,0
259,43,1
260,43,2
261,43,3
262,43,4
263,43,5
264,44,0
265,44,1
266,44,2
267,44,3
268,44,4
269,44,5
270,45,0
271,45,1
272,45,2
273,45,3
274,45,4
275,45,5
276,46,0
277,46,1
278,46,2
279,46,3
280,46,4
281,46,5
282,47,0
283,47,1
284,47,2
285,47,3
286,47,4
287,47,5
288,48,0
289,48,1
290,48,2
291,48,3
292,48,4
293,48,5
294,49,0
295,49,1
296,49,2
297,49,3
298,49,4
299,49,5
300,50,0
301,50,1
302,50,2
303,50,3
304,50,4
305,50,5
306,51,0
307,51,1
308,51,2
309,51,3
310,51,4
311,51,5
312,52,0
313,52,1
314,52,2
315,52,3
316,52,4
317,52,5
318,53,0
319,53,1
320,53,2
321,53,3
322,53,4
323,53,5
324,54,0
325,54,1
326,54,2
327,54,3
328,54,4
329,54,5
330,55,0
331,55,1
332,55,2
333,55,3
334,55,4
335,55,5
336,56,0
337,56,1
338,56,2
339,56,3
340,56,4
341,56,5
342,57,0
343,57,1
344,57,2
345,57,3
346,57,4
347,57,5
348,58,0
349,58,1
350,58,2
351,58,3
352,58,4
353,58,5
354,59,0
355,59,1
356,59,2
357,59,3
358,59,4
359,59,5
360,60,0
361,60,1
362,60,2
363,60,3
364,60,4
365,60,5
366,61,0
367,61,1
368,61,2
369,61,3
370,61,4
371,61,5
372,62,0
373,62,1
374,62,2
375,62,3
376,62,4
377,62,5
378,63,0
379,63,1
380,63,2
381,63,3
382,63,4
383,63,5
384,64,0
385,64,1
386,64,2
387,64,3
388,64,4
389,64,5
390,65,0
391,65,1
392,65,2
393,65,3
394,65,4
395,65,5
396,66,0
397,66,1
398,66,2
399,66,3
400,66,4
401,66,5
402,67,0
403,67,1
404,67,2
405,67,3
406,67,4
407,67,5
408,68,0
409,68,1
410,68,2
411,68,3
412,68,4
413,68,5
414,69,0
415,69,1
416,69,2
417,69,3
418,69,4
419,69,5
420,70,0
421,70,1
422,70,2
423,70,3
424,70,4
425,70,5
426,71,0
427,71,1
428,71,2
429,71,3
430,71,4
431,71,5
432,72,0
433,72,1
434,72,2
435,72,3
436,72,4
437,72,5
438,73,0
439,73,1
440,73,2
441,73,3
442,73,4
443,73,5
444,74,0
445,74,1
446,74,2
447,74,3
448,74,4
449,74,5
450,75,0
451,75,1
452,75,2
453,75,3
454,75,4
455,75,5
456,76,0
457,76,1
458,76,2
459,76,3
460,76,4
461,76,5
462,77,0
463,77,1
464,77,2
465,77,3
466,77,4
467,77,5
468,78,0
469,78,1
470,78,2
471,78,3
472,78,4
473,78,5
474,79,0
475,79,1
476,79,2
477,79,3
478,79,4
479,79,5
480,80,0
481,80,1
482,80,2
483,80,3
484,80,4
485,80,5
486,81,0
487,81,1
488,81,2
489,81,3
490,81,4
491,81,5
492,82,0
493,82,1
494,82,2
495,82,3
496,82,4
497,82,5
498,83,0
499,83,1
500,83,2
501,83,3
502,83,4
503,83,5
504,84,0
505,84,1
506,84,2
507,84,3
508,84,4
509,84,5
510,85,0
511,85,1
512,85,2
513,85,3
514,85,4
515,85,5
516,86,0
517,86,1
518,86,2
519,86,3
520,86,4
521,86,5
522,87,0
523,87,1
524,87,2
525,87,3
526,87,4
527,87,5
528,88,0
529,88,1
530,88,2
531,88,3
532,88,4
533,88,5
534,89,0
535,89,1
536,89,2
537,89,3
538,89,4
539,89,5
540,90,0
541,90,1
542,90,2
543,90,3
544,90,4
545,90,5
546,91,0
547,91,1
548,91,2
549,91,3
550,91,4
551,91,5
552,92,0
553,92,1
554,92,2
555,92,3
556,92,4
557,92,5
558,93,0
559,93,1
560,93,2
561,93,3
562,93,4
563,93,5
564,94,0
565,94,1
566,94,2
567,94,3
568,94,4
569,94,5
570,95,0
571,95,1
572,95,2
573,95,3
574,95,4
575,95,5
576,96,0
577,96,1
578,96,2
579,96,3
580,96,4
581,96,5
582,97,0
583,97,1
584,97,2
585,97,3
586,97,4
587,97,5
588,98,0
589,98,1
590,98,2
591,98,3
592,98,4
593,98,5
594,99,0
595,99,1
596,99,2
597,99,3
598,99,4
599,99,5
600,100,0
601,100,1
602,100,2
603,100,3
604,100,4
605,100,5
606,101,0
607,101,1
608,101,2
609,101,3
610,101,4
611,101,5
612,102,0
613,102,1
614,102,2
615,102,3
616,102,4
617,102,5
618,103,0
619,103,1
620,103,2
621,103,3
622,103,4
623,103,5
624,104,0
625,104,1
626,104,2
627,104,3
628,104,4
629,104,5
630,105,0
631,105,1
632,105,2
633,105,3
634,105,4
635,105,5
636,106,0
637,106,1
638,106,2
639,106,3
640,106,4
641,106,5
642,107,0
643,107,1
644,107,2
645,107,3
646,107,4
647,107,5
648,108,0
649,108,1
650,108,2
651,108,3
652,108,4
653,108,5
654,109,0
655,109,1
656,109,2
657,109,3
658,109,4
659,109,5
660,110,0
661,110,1
662,110,2
663,110,3
664,110,4
665,110,5
666,111,0
667,111,1
668,111,2
669,111,3
670,111,4
671,111,5
672,112,0
673,112,1
674,112,2
675,112,3
676,112,4
677,112,5
678,113,0
679,113,1
680,113,2
681,113,3
682,113,4
683,113,5
684,114,0
685,114,1
686,114,2
687,114,3
688,114,4
689,114,5
690,115,0
691,115,1
692,115,2
693,115,3
694,115,4
695,115,5
696,116,0
697,116,1
698,116,2
699,116,3
700,116,4
701,116,5
702,117,0
703,117,1
704,117,2
705,117,3
706,117,4
707,117,5
708,118,0
709,118,1
710,118,2
711,118,3
712,118,4
713,118,5
714,119,0
715,119,1
716,119,2
717,119,3
718,119,4
719,119,5
720,120,0
721,120,1
722,120,2
723,120,3
724,120,4
725,120,5
726,121,0
727,121,1
728,121,2
729,121,3
730,121,4
731,121,5
732,122,0
733,122,1
734,122,2
735,122,3
736,122,4
737,122,5
738,123,0
739,123,1
740,123,2
741,123,3
742,123,4
743,123,5
744,124,0
745,124,1
746,124,2
747,124,3
748,124,4
749,124,5
750,125,0
751,125,1
752,125,2
753,125,3
754,125,4
755,125,5
756,126,0
757,126,1
758,126,2
759,126,3
760,126,4
761,126,5
762,127,0
763,127,1
764,127,2
765,127,3
766,127,4
767,127,5
768,128,0
769,128,1
770,128,2
771,128,3
772,128,4
773,128,5
774,129,0
775,129,1
776,129,2
777,129,3
778,129,4
779,129,5
780,130,0
781,130,1
782,130,2
783,130,3
784,130,4
785,130,5
786,131,0
787,131,1
788,131,2
789,131,3
790,131,4
791,131,5
792,132,0
793,132,1
794,132,2
795,132,3
796,132,4
797,132,5
798,133,0
799,133,1
800,133,2
801,133,3
802,133,4
803,133,5
804,134,0
805,134,1
806,134,2
807,134,3
808,134,4
809,134,5
810,135,0
811,135,1
812,135,2
813,135,3
814,135,4
815,135,5
816,136,0
817,136,1
818,136,2
819,136,3
820,136,4
821,136,5
822,137,0
823,137,1
824,137,2
825,137,3
826,137,4
827,137,5
828,138,0
829,138,1
830,138,2
831,138,3
832,138,4
833,138,5
834,139,0
835,139,1
836,139,2
837,139,3
838,139,4
839,139,5
840,140,0
841,140,1
842,140,2
843,140,3
844,140,4
845,140,5
846,141,0
847,141,1
848,141,2
849,141,3
850,141,4
851,141,5
852,142,0
853,142,1
854,142,2
855,142,3
856,142,4
857,142,5
858,143,0
859,143,1
860,143,2
861,143,3
862,143,4
863,143,5
864,144,0
865,144,1
866,144,2
867,144,3
868,144,4
869,144,5
870,145,0
871,145,1
872,145,2
873,145,3
874,145,4
875,145,5
876,146,0
877,146,1
878,146,2
879,146,3
880,146,4
881,146,5
882,147,0
883,147,1
884,147,2
885,147,3
886,147,4
887,147,5
888,148,0
889,148,1
890,148,2
891,148,3
892,148,4
893,148,5
894,149,0
895,149,1
896,149,2
897,149,3
898,149,4
899,149,5
900,150,0
901,150,1
902,150,2
903,150,3
904,150,4
905,150,5
906,151,0
907,151,1
908,151,2
909,151,3
910,151,4
911,151,5
912,152,0
913,152,1
914,152,2
915,152,3
916,152,4
917,152,5
918,153,0
919,153,1
920,153,2
921,153,3
922,153,4
923,153,5
924,154,0
925,154,1
926,154,2
927,154,3
928,154,4
929,154,5
930,155,0
931,155,1
932,155,2
933,155,3
934,155,4
935,155,5
936,156,0
937,156,1
938,156,2
939,156,3
940,156,4
941,156,5
942,157,0
943,157,1
944,157,2
945,157,3
946,157,4
947,157,5
948,158,0
949,158,1
950,158,2
951,158,3
952,158,4
953,158,5
954,159,0
955,159,1
956,159,2
957,159,3
958,159,4
959,159,5
960,160,0
961,160,1
962,160,2
963,160,3
964,160,4
965,160,5
966,161,0
967,161,1
968,161,2
969,161,3
970,161,4
971,161,5
972,162,0
973,162,1
974,162,2
975,162,3
976,162,4
977,162,5
978,163,0
979,163,1
980,163,2
981,163,3
982,163,4
983,163,5
984,164,0
985,164,1
986,164,2
987,164,3
988,164,4
989,164,5
990,165,0
991,165,1
992,165,2
993,165,3
994,165,4
995,165,5
996,166,0
997,166,1
998,166,2
999,166,3
1000,166,4
1001,166,5
1002,167,0
1003,167,1
1004,167,2
1005,167,3
1006,167,4
1007,167,5
1008,168,0
1009,168,1
1010,168,2
1011,168,3
1012,168,4
1013,168,5
1014,169,0
1015,169,1
1016,169,2
1017,169,3
1018,169,4
1019,169,5
1020,170,0
1021,170,1
1022,170,2
1023,170,3
1024,170,4
1025,170,5
1026,171,0
1027,171,1
1028,171,2
1029,171,3
1030,171,4
1031,171,5
1032,172,0
1033,172,1
1034,172,2
1035,172,3
1036,172,4
1037,172,5
1038,173,0
1039,173,1
1040,173,2
1041,173,3
1042,173,4
1043,173,5
1044,174,0
1045,174,1
1046,174,2
1047,174,3
1048,174,4
1049,174,5
1050,175,0
1051,175,1
1052,175,2
1053,175,3
1054,175,4
1055,175,5
1056,176,0
1057,176,1
1058,176,2
1059,176,3
1060,176,4
1061,176,5
1062,177,0
1063,177,1
1064,177,2
1065,177,3
1066,177,4
1067,177,5
1068,178,0
1069,178,1
1070,178,2
1071,178,3
1072,178,4
1073,178,5
1074,179,0
1075,179,1
1076,179,2
1077,179,3
1078,179,4
1079,179,5
1080,180,0
1081,180,1
1082,180,2
1083,180,3
1084,180,4
1085,180,5
1086,181,0
1087,181,1
1088,181,2
1089,181,3
1090,181,4
1091,181,5
1092,182,0
1093,182,1
1094,182,2
1095,182,3
1096,182,4
1097,182,5
1098,183,0
1099,183,1
1100,183,2
1101,183,3
1102,183,4
1103,183,5
1104,184,0
1105,184,1
1106,184,2
1107,184,3
1108,184,4
1109,184,5
1110,185,0
1111,185,1
1112,185,2
1113,185,3
1114,185,4
1115,185,5
1116,186,0
1117,186,1
1118,186,2
1119,186,3
1120,186,4
1121,186,5
1122,187,0
1123,187,1
1124,187,2
1125,187,3
1126,187,4
1127,187,5
1128,188,0
1129,188,1
1130,188,2
1131,188,3
1132,188,4
1133,188,5
1134,189,0
1135,189,1
1136,189,2
1137,189,3
1138,189,4
1139,189,5
1140,190,0
1141,190,1
1142,190,2
1143,190,3
1144,190,4
1145,190,5
1146,191,0
1147,191,1
1148,191,2
1149,191,3
1150,191,4
1151,191,5
1152,192,0
1153,192,1
1154,192,2
1155,192,3
1156,192,4
1157,192,5
1158,193,0
1159,193,1
1160,193,2
1161,193,3
1162,193,4
1163,193,5
1164,194,0
1165,194,1
1166,194,2
1167,194,3
1168,194,4
1169,194,5
1170,195,0
1171,195,1
1172,195,2
1173,195,3
1174,195,4
1175,195,5
1176,196,0
1177,196,1
1178,196,2
1179,196,3
1180,196,4
1181,196,5
1182,197,0
1183,197,1
1184,197,2
1185,197,3
1186,197,4
1187,197,5
1188,198,0
1189,198,1
1190,198,2
1191,198,3
1192,198,4
1193,198,5
1194,199,0
1195,199,1
1196,199,2
1197,199,3
1198,199,4
1199,199,5
1200,200,0
1201,200,1
1202,200,2
1203,200,3
1204,200,4
1205,200,5
1206,201,0
1207,201,1
1208,201,2
1209,201,3
1210,201,4
1211,201,5
1212,202,0
1213,202,1
1214,202,2
1215,202,3
1216,202,4
1217,202,5
1218,203,0
1219,203,1
1220,203,2
1221,203,3
1222,203,4
1223,203,5
1224,204,0
1225,204,1
1226,204,2
1227,204,3
1228,204,4
1229,204,5
1230,205,0
1231,205,1
1232,205,2
1233,205,3
1234,205,4
1235,205,5
1236,206,0
1237,206,1
1238,206,2
1239,206,3
1240,206,4
1241,206,5
1242,207,0
1243,207,1
1244,207,2
1245,207,3
1246,207,4
1247,207,5
1248,208,0
1249,208,1
1250,208,2
1251,208,3
1252,208,4
1253,208,5
1254,209,0
1255,209,1
1256,209,2
1257,209,3
1258,209,4
1259,209,5
1260,210,0
1261,210,1
1262,210,2
1263,210,3
1264,210,4
1265,210,5
1266,211,0
1267,211,1
1268,211,2
1269,211,3
1270,211,4
1271,211,5
1272,212,0
1273,212,1
1274,212,2
1275,212,3
1276,212,4
1277,212,5
1278,213,0
1279,213,1
1280,213,2
1281,213,3
1282,213,4
1283,213,5
1284,214,0
1285,214,1
1286,214,2
1287,214,3
1288,214,4
1289,214,5
1290,215,0
1291,215,1
1292,215,2
1293,215,3
1294,215,4
1295,215,5
1296,216,0
1297,216,1
1298,216,2
1299,216,3
1300,216,4
1301,216,5
1302,217,0
1303,217,1
1304,217,2
1305,217,3
1306,217,4
1307,217,5
1308,218,0
1309,218,1
1310,218,2
1311,218,3
1312,218,4
1313,218,5
1314,219,0
1315,219,1
1316,219,2
1317,219,3
1318,219,4
1319,219,5
1320,220,0
1321,220,1
1322,220,2
1323,220,3
1324,220,4
1325,220,5
1326,221,0
1327,221,1
1328,221,2
1329,221,3
1330,221,4
1331,221,5
1332,222,0
1333,222,1
1334,222,2
1335,222,3
1336,222,4
1337,222,5
1338,223,0
1339,223,1
1340,223,2
1341,223,3
1342,223,4
1343,223,5
1344,224,0
1345,224,1
1346,224,2
1347,224,3
1348,224,4
1349,224,5
1350,225,0
1351,225,1
1352,225,2
1353,225,3
1354,225,4
1355,225,5
1356,226,0
1357,226,1
1358,226,2
1359,226,3
1360,226,4
1361,226,5
1362,227,0
1363,227,1
1364,227,2
1365,227,3
1366,227,4
1367,227,5
1368,228,0
1369,228,1
1370,228,2
1371,228,3
1372,228,4
1373,228,5
1374,229,0
1375,229,1
1376,229,2
1377,229,3
1378,229,4
1379,229,5
1380,230,0
1381,230,1
1382,230,2
1383,230,3
1384,230,4
1385,230,5
1386,231,0
1387,231,1
1388,231,2
1389,231,3
1390,231,4
1391,231,5
1392,232,0
1393,232,1
1394,232,2
1395,232,3
1396,232,4
1397,232,5
1398,233,0
1399,233,1
1400,233,2
1401,233,3
1402,233,4
1403,233,5
1404,234,0
1405,234,1
1406,234,2
1407,234,3
1408,234,4
1409,234,5
1410,235,0
1411,235,1
1412,235,2
1413,235,3
1414,235,4
1415,235,5
1416,236,0
1417,236,1
1418,236,2
1419,236,3
1420,236,4
1421,236,5
1422,237,0
1423,237,1
1424,237,2
1425,237,3
1426,237,4
1427,237,5
1428,238,0
1429,238,1
1430,238,2
1431,238,3
1432,238,4
1433,238,5
1434,239,0
1435,239,1
1436,239,2
1437,239,3
1438,239,4
1439,239,5
1440,240,0
1441,240,1
1442,240,2
1443,240,3
1444,240,4
1445,240,5
1446,241,0
1447,241,1
1448,241,2
1449,241,3
1450,241,4
1451,241,5
1452,242,0
1453,242,1
1454,242,2
1455,242,3
1456,242,4
1457,242,5
1458,243,0
1459,243,1
1460,243,2
1461,243,3
1462,243,4
1463,243,5
1464,244,0
1465,244,1
1466,244,2
1467,244,3
1468,244,4
1469,244,5
1470,245,0
1471,245,1
1472,245,2
1473,245,3
1474,245,4
1475,245,5
1476,246,0
1477,246,1
1478,246,2
1479,246,3
1480,246,4
1481,246,5
1482,247,0
1483,247,1
1484,247,2
1485,247,3
1486,247,4
1487,247,5
1488,248,0
1489,248,1
1490,248,2
1491,248,3
1492,248,4
1493,248,5
1494,249,0
1495,249,1
1496,249,2
1497,249,3
1498,249,4
1499,249,5
1500,250,0
1501,250,1
1502,250,2
1503,250,3
1504,250,4
1505,250,5
1506,251,0
1507,251,1
1508,251,2
1509,251,3
1510,251,4
1511,251,5
1512,252,0
1513,252,1
1514,252,2
1515,252,3
1516,252,4
1517,252,5
1518,253,0
1519,253,1
1520,253,2
1521,253,3
1522,253,4
1523,253,5
1524,254,0
1525,254,1
1526,254,2
1527,254,3
1528,254,4
1529,254,5
1530,255,0
1531,255,1
1532,255,2
1533,255,3
1534,255,4
1535,255,5
1536,256,0
1537,256,1
1538,256,2
1539,256,3
1540,256,4
1541,256,5
1542,257,0
1543,257,1
1544,257,2
1545,257,3
1546,257,4
1547,257,5
1548,258,0
1549,258,1
1550,258,2
1551,258,3
1552,258,4
1553,258,5
1554,259,0
1555,259,1
1556,259,2
1557,259,3
1558,259,4
1559,259,5
1560,260,0
1561,260,1
1562,260,2
1563,260,3
1564,260,4
1565,260,5
1566,261,0
1567,261,1
1568,261,2
1569,261,3
1570,261,4
1571,261,5
1572,262,0
1573,262,1
1574,262,2
1575,262,3
1576,262,4
1577,262,5
1578,263,0
1579,263,1
1580,263,2
1581,263,3
1582,263,4
1583,263,5
1584,264,0
1585,264,1
1586,264,2
1587,264,3
1588,264,4
1589,264,5
1590,265,0
1591,265,1
1592,265,2
1593,265,3
1594,265,4
1595,265,5
1596,266,0
1597,266,1
1598,266,2
1599,266,3
1600,266,4
1601,266,5
1602,267,0
1603,267,1
1604,267,2
1605,267,3
1606,267,4
1607,267,5
1608,268,0
1609,268,1
1610,268,2
1611,268,3
1612,268,4
1613,268,5
1614,269,0
1615,269,1
1616,269,2
1617,269,3
1618,269,4
1619,269,5
1620,270,0
1621,270,1
1622,270,2
1623,270,3
1624,270,4
1625,270,5
1626,271,0
1627,271,1
1628,271,2
1629,271,3
1630,271,4
1631,271,5
1632,272,0
1633,272,1
1634,272,2
1635,272,3
1636,272,4
1637,272,5
1638,273,0
1639,273,1
1640,273,2
1641,273,3
1642,273,4
1643,273,5
1644,274,0
1645,274,1
1646,274,2
1647,274,3
1648,274,4
1649,274,5
1650,275,0
1651,275,1
1652,275,2
1653,275,3
1654,275,4
1655,275,5
1656,276,0
1657,276,1
1658,276,2
1659,276,3
1660,276,4
1661,276,5
1662,277,0
1663,277,1
1664,277,2
1665,277,3
1666,277,4
1667,277,5
1668,278,0
1669,278,1
1670,278,2
1671,278,3
1672,278,4
1673,278,5
1674,279,0
1675,279,1
1676,279,2
1677,279,3
1678,279,4
1679,279,5
1680,280,0
1681,280,1
1682,280,2
1683,280,3
1684,280,4
1685,280,5
1686,281,0
1687,281,1
1688,281,2
1689,281,3
1690,281,4
1691,281,5
1692,282,0
1693,282,1
1694,282,2
1695,282,3
1696,282,4
1697,282,5
1698,283,0
1699,283,1
1700,283,2
1701,283,3
1702,283,4
1703,283,5
1704,284,0
1705,284,1
1706,284,2
1707,284,3
1708,284,4
1709,284,5
1710,285,0
1711,285,1
1712,285,2
1713,285,3
1714,285,4
1715,285,5
1716,286,0
1717,286,1
1718,286,2
1719,286,3
1720,286,4
1721,286,5
1722,287,0
1723,287,1
1724,287,2
1725,287,3
1726,287,4
1727,287,5
1728,288,0
1729,288,1
1730,288,2
1731,288,3
1732,288,4
1733,288,5
1734,289,0
1735,289,1
1736,289,2
1737,289,3
1738,289,4
1739,289,5
1740,290,0
1741,290,1
1742,290,2
1743,290,3
1744,290,4
1745,290,5
1746,291,0
1747,291,1
1748,291,2
1749,291,3
1750,291,4
1751,291,5
1752,292,0
1753,292,1
1754,292,2
1755,292,3
1756,292,4
1757,292,5
1758,293,0
1759,293,1
1760,293,2
1761,293,3
1762,293,4
1763,293,5
1764,294,0
1765,294,1
1766,294,2
1767,294,3
1768,294,4
1769,294,5
1770,295,0
1771,295,1
1772,295,2
1773,295,3
1774,295,4
1775,295,5
1776,296,0
1777,296,1
1778,296,2
1779,296,3
1780,296,4
1781,296,5
1782,297,0
1783,297,1
1784,297,2
1785,297,3
1786,297,4
1787,297,5
1788,298,0
1789,298,1
1790,298,2
1791,298,3
1792,298,4
1793,298,5
1794,299,0
1795,299,1
1796,299,2
1797,299,3
1798,299,4
1799,299,5
1800,300,0
1801,300,1
1802,300,2
1803,300,3
1804,300,4
1805,300,5
1806,301,0
1807,301,1
1808,301,2
1809,301,3
1810,301,4
1811,301,5
1812,302,0
1813,302,1
1814,302,2
1815,302,3
1816,302,4
1817,302,5
1818,303,0
1819,303,1
1820,303,2
1821,303,3
1822,303,4
1823,303,5
1824,304,0
1825,304,1
1826,304,2
1827,304,3
1828,304,4
1829,304,5
1830,305,0
1831,305,1
1832,305,2
1833,305,3
1834,305,4
1835,305,5
1836,306,0
1837,306,1
1838,306,2
1839,306,3
1840,306,4
1841,306,5
1842,307,0
1843,307,1
1844,307,2
1845,307,3
1846,307,4
1847,307,5
1848,308,0
1849,308,1
1850,308,2
1851,308,3
1852,308,4
1853,308,5
1854,309,0
1855,309,1
1856,309,2
1857,309,3
1858,309,4
1859,309,5
1860,310,0
1861,310,1
1862,310,2
1863,310,3
1864,310,4
1865,310,5
1866,311,0
1867,311,1
1868,311,2
1869,311,3
1870,311,4
1871,311,5
1872,312,0
1873,312,1
1874,312,2
1875,312,3
1876,312,4
1877,312,5
1878,313,0
1879,313,1
1880,313,2
1881,313,3
1882,313,4
1883,313,5
1884,314,0
1885,314,1
1886,314,2
1887,314,3
1888,314,4
1889,314,5
1890,315,0
1891,315,1
1892,315,2
1893,315,3
1894,315,4
1895,315,5
1896,316,0
1897,316,1
1898,316,2
1899,316,3
1900,316,4
1901,316,5
1902,317,0
1903,317,1
1904,317,2
1905,317,3
1906,317,4
1907,317,5
1908,318,0
1909,318,1
1910,318,2
1911,318,3
1912,318,4
1913,318,5
1914,319,0
1915,319,1
1916,319,2
1917,319,3
1918,319,4
1919,319,5
1920,320,0
1921,320,1
1922,320,2
1923,320,3
1924,320,4
1925,320,5
1926,321,0
1927,321,1
1928,321,2
1929,321,3
1930,321,4
1931,321,5
1932,322,0
1933,322,1
1934,322,2
1935,322,3
1936,322,4
1937,322,5
1938,323,0
1939,323,1
1940,323,2
1941,323,3
1942,323,4
1943,323,5
1944,324,0
1945,324,1
1946,324,2
1947,324,3
1948,324,4
1949,324,5
1950,325,0
1951,325,1
1952,325,2
1953,325,3
1954,325,4
1955,325,5
1956,326,0
1957,326,1
1958,326,2
1959,326,3
1960,326,4
1961,326,5
1962,327,0
1963,327,1
1964,327,2
1965,327,3
1966,327,4
1967,327,5
1968,328,0
1969,328,1
1970,328,2
1971,328,3
1972,328,4
1973,328,5
1974,329,0
1975,329,1
1976,329,2
1977,329,3
1978,329,4
1979,329,5
1980,330,0
1981,330,1
1982,330,2
1983,330,3
1984,330,4
1985,330,5
1986,331,0
1987,331,1
1988,331,2
1989,331,3
1990,331,4
1991,331,5
1992,332,0
1993,332,1
1994,332,2
1995,332,3
1996,332,4
1997,332,5
1998,333,0
1999,333,1
2000,333,2
2001,333,3
2002,333,4
2003,333,5
2004,334,0
2005,334,1
2006,334,2
2007,334,3
2008,334,4
2009,334,5
2010,335,0
2011,335,1
2012,335,2
2013,335,3
2014,335,4
2015,335,5
2016,336,0
2017,336,1
2018,336,2
2019,336,3
2020,336,4
2021,336,5
2022,337,0
2023,337,1
2024,337,2
2025,337,3
2026,337,4
2027,337,5
2028,338,0
2029,338,1
2030,338,2
2031,338,3
2032,338,4
2033,338,5
2034,339,0
2035,339,1
2036,339,2
2037,339,3
2038,339,4
2039,339,5
2040,340,0
2041,340,1
2042,340,2
2043,340,3
2044,340,4
2045,340,5
2046,341,0
2047,341,1
2048,341,2
2049,341,3
2050,341,4
2051,341,5
2052,342,0
2053,342,1
2054,342,2
2055,342,3
2056,342,4
2057,342,5
2058,343,0
2059,343,1
2060,343,2
2061,343,3
2062,343,4
2063,343,5
2064,344,0
2065,344,1
2066,344,2
2067,344,3
2068,344,4
2069,344,5
2070,345,0
2071,345,1
2072,345,2
2073,345,3
2074,345,4
2075,345,5
2076,346,0
2077,346,1
2078,346,2
2079,346,3
2080,346,4
2081,346,5
2082,347,0
2083,347,1
2084,347,2
2085,347,3
2086,347,4
2087,347,5
2088,348,0
2089,348,1
2090,348,2
2091,348,3
2092,348,4
2093,348,5
2094,349,0
2095,349,1
2096,349,2
2097,349,3
2098,349,4
2099,349,5
2100,350,0
2101,350,1
2102,350,2
2103,350,3
2104,350,4
2105,350,5
2106,351,0
2107,351,1
2108,351,2
2109,351,3
2110,351,4
2111,351,5
2112,352,0
2113,352,1
2114,352,2
2115,352,3
2116,352,4
2117,352,5
2118,353,0
2119,353,1
2120,353,2
2121,353,3
2122,353,4
2123,353,5
2124,354,0
2125,354,1
2126,354,2
2127,354,3
2128,354,4
2129,354,5
2130,355,0
2131,355,1
2132,355,2
2133,355,3
2134,355,4
2135,355,5
2136,356,0
2137,356,1
2138,356,2
2139,356,3
2140,356,4
2141,356,5
2142,357,0
2143,357,1
2144,357,2
2145,357,3
2146,357,4
2147,357,5
2148,358,0
2149,358,1
2150,358,2
2151,358,3
2152,358,4
2153,358,5
2154,359,0
2155,359,1
2156,359,2
2157,359,3
2158,359,4
2159,359,5
2160,360,0
2161,360,1
2162,360,2
2163,360,3
2164,360,4
2165,360,5
2166,361,0
2167,361,1
2168,361,2
2169,361,3
2170,361,4
2171,361,5
2172,362,0
2173,362,1
2174,362,2
2175,362,3
2176,362,4
2177,362,5
2178,363,0
2179,363,1
2180,363,2
2181,363,3
2182,363,4
2183,363,5
2184,364,0
2185,364,1
2186,364,2
2187,364,3
2188,364,4
2189,364,5
2190,365,0
2191,365,1
2192,365,2
2193,365,3
2194,365,4
2195,365,5
2196,366,0
2197,366,1
2198,366,2
2199,366,3
2200,366,4
2201,366,5
2202,367,0
2203,367,1
2204,367,2
2205,367,3
2206,367,4
2207,367,5
2208,368,0
2209,368,1
2210,368,2
2211,368,3
2212,368,4
2213,368,5
2214,369,0
2215,369,1
2216,369,2
2217,369,3
2218,369,4
2219,369,5
2220,370,0
2221,370,1
2222,370,2
2223,370,3
2224,370,4
2225,370,5
2226,371,0
2227,371,1
2228,371,2
2229,371,3
2230,371,4
2231,371,5
2232,372,0
2233,372,1
2234,372,2
2235,372,3
2236,372,4
2237,372,5
2238,373,0
2239,373,1
2240,373,2
2241,373,3
2242,373,4
2243,373,5
2244,374,0
2245,374,1
2246,374,2
2247,374,3
2248,374,4
2249,374,5
2250,375,0
2251,375,1
2252,375,2
2253,375,3
2254,375,4
2255,375,5
2256,376,0
2257,376,1
2258,376,2
2259,376,3
2260,376,4
2261,376,5
2262,377,0
2263,377,1
2264,377,2
2265,377,3
2266,377,4
2267,377,5
2268,378,0
2269,378,1
2270,378,2
2271,378,3
2272,378,4
2273,378,5
2274,379,0
2275,379,1
2276,379,2
2277,379,3
2278,379,4
2279,379,5
2280,380,0
2281,380,1
2282,380,2
2283,380,3
2284,380,4
2285,380,5
2286,381,0
2287,381,1
2288,381,2
2289,381,3
2290,381,4
2291,381,5
2292,382,0
2293,382,1
2294,382,2
2295,382,3
2296,382,4
2297,382,5
2298,383,0
2299,383,1
2300,383,2
2301,383,3
2302,383,4
2303,383,5
2304,384,0
2305,384,1
2306,384,2
2307,384,3
2308,384,4
2309,384,5
2310,385,0
2311,385,1
2312,385,2
2313,385,3
2314,385,4
2315,385,5
2316,386,0
2317,386,1
2318,386,2
2319,386,3
2320,386,4
2321,386,5
2322,387,0
2323,387,1
2324,387,2
2325,387,3
2326,387,4
2327,387,5
2328,388,0
2329,388,1
2330,388,2
2331,388,3
2332,388,4
2333,388,5
2334,389,0
2335,389,1
2336,389,2
2337,389,3
2338,389,4
2339,389,5
2340,390,0
2341,390,1
2342,390,2
2343,390,3
2344,390,4
2345,390,5
2346,391,0
2347,391,1
2348,391,2
2349,391,3
2350,391,4
2351,391,5
2352,392,0
2353,392,1
2354,392,2
2355,392,3
2356,392,4
2357,392,5
2358,393,0
2359,393,1
2360,393,2
2361,393,3
2362,393,4
2363,393,5
2364,394,0
2365,394,1
2366,394,2
2367,394,3
2368,394,4
2369,394,5
2370,395,0
2371,395,1
2372,395,2
2373,395,3
2374,395,4
2375,395,5
2376,396,0
2377,396,1
2378,396,2
2379,396,3
2380,396,4
2381,396,5
2382,397,0
2383,397,1
2384,397,2
2385,397,3
2386,397,4
2387,397,5
2388,398,0
2389,398,1
2390,398,2
2391,398,3
2392,398,4
2393,398,5
2394,399,0
2395,399,1
2396,399,2
2397,399,3
2398,399,4
2399,399,5
2400,400,0
2401,400,1
2402,400,2
2403,400,3
2404,400,4
2405,400,5
2406,401,0
2407,401,1
2408,401,2
2409,401,3
2410,401,4
2411,401,5
2412,402,0
2413,402,1
2414,402,2
2415,402,3
2416,402,4
2417,402,5
2418,403,0
2419,403,1
2420,403,2
2421,403,3
2422,403,4
2423,403,5
2424,404,0
2425,404,1
2426,404,2
2427,404,3
2428,404,4
2429,404,5
2430,405,0
2431,405,1
2432,405,2
2433,405,3
2434,405,4
2435,405,5
2436,406,0
2437,406,1
2438,406,2
2439,406,3
2440,406,4
2441,406,5
2442,407,0
2443,407,1
2444,407,2
2445,407,3
2446,407,4
2447,407,5
2448,408,0
2449,408,1
2450,408,2
2451,408,3
2452,408,4
2453,408,5
2454,409,0
2455,409,1
2456,409,2
2457,409,3
2458,409,4
2459,409,5
2460,410,0
2461,410,1
2462,410,2
2463,410,3
2464,410,4
2465,410,5
2466,411,0
2467,411,1
2468,411,2
2469,411,3
2470,411,4
2471,411,5
2472,412,0
2473,412,1
2474,412,2
2475,412,3
2476,412,4
2477,412,5
2478,413,0
2479,413,1
2480,413,2
2481,413,3
2482,413,4
2483,413,5
2484,414,0
2485,414,1
2486,414,2
2487,414,3
2488,414,4
2489,414,5
2490,415,0
2491,415,1
2492,415,2
2493,415,3
2494,415,4
2495,415,5
2496,416,0
2497,416,1
2498,416,2
2499,416,3
2500,416,4
2501,416,5
2502,417,0
2503,417,1
2504,417,2
2505,417,3
2506,417,4
2507,417,5
2508,418,0
2509,418,1
2510,418,2
2511,418,3
2512,418,4
2513,418,5
2514,419,0
2515,419,1
2516,419,2
2517,419,3
2518,419,4
2519,419,5
2520,420,0
2521,420,1
2522,420,2
2523,420,3
2524,420,4
2525,420,5
2526,421,0
2527,421,1
2528,421,2
2529,421,3
2530,421,4
2531,421,5
2532,422,0
2533,422,1
2534,422,2
2535,422,3
2536,422,4
2537,422,5
2538,423,0
2539,423,1
2540,423,2
2541,423,3
2542,423,4
2543,423,5
2544,424,0
2545,424,1
2546,424,2
2547,424,3
2548,424,4
2549,424,5
2550,425,0
2551,425,1
2552,425,2
2553,425,3
2554,425,4
2555,425,5
2556,426,0
2557,426,1
2558,426,2
2559,426,3
2560,426,4
2561,426,5
2562,427,0
2563,427,1
2564,427,2
2565,427,3
2566,427,4
2567,427,5
2568,428,0
2569,428,1
2570,428,2
2571,428,3
2572,428,4
2573,428,5
2574,429,0
2575,429,1
2576,429,2
2577,429,3
2578,429,4
2579,429,5
2580,430,0
2581,430,1
2582,430,2
2583,430,3
2584,430,4
2585,430,5
2586,431,0
2587,431,1
2588,431,2
2589,431,3
2590,431,4
2591,431,5
2592,432,0
2593,432,1
2594,432,2
2595,432,3
2596,432,4
2597,432,5
2598,433,0
2599,433,1
2600,433,2
2601,433,3
2602,433,4
2603,433,5
2604,434,0
2605,434,1
2606,434,2
2607,434,3
2608,434,4
2609,434,5
2610,435,0
2611,435,1
2612,435,2
2613,435,3
2614,435,4
2615,435,5
2616,436,0
2617,436,1
2618,436,2
2619,436,3
2620,436,4
2621,436,5
2622,437,0
2623,437,1
2624,437,2
2625,437,3
2626,437,4
2627,437,5
2628,438,0
2629,438,1
2630,438,2
2631,438,3
2632,438,4
2633,438,5
2634,439,0
2635,439,1
2636,439,2
2637,439,3
2638,439,4
2639,439,5
2640,440,0
2641,440,1
2642,440,2
2643,440,3
2644,440,4
2645,440,5
2646,441,0
2647,441,1
2648,441,2
2649,441,3
2650,441,4
2651,441,5
2652,442,0
2653,442,1
2654,442,2
2655,442,3
2656,442,4
2657,442,5
2658,443,0
2659,443,1
2660,443,2
2661,443,3
2662,443,4
2663,443,5
2664,444,0
2665,444,1
2666,444,2
2667,444,3
2668,444,4
2669,444,5
2670,445,0
2671,445,1
2672,445,2
2673,445,3
2674,445,4
2675,445,5
2676,446,0
2677,446,1
2678,446,2
2679,446,3
2680,446,4
2681,446,5
2682,447,0
2683,447,1
2684,447,2
2685,447,3
2686,447,4
2687,447,5
2688,448,0
2689,448,1
2690,448,2
2691,448,3
2692,448,4
2693,448,5
2694,449,0
2695,449,1
2696,449,2
2697,449,3
2698,449,4
2699,449,5
2700,450,0
2701,450,1
2702,450,2
2703,450,3
2704,450,4
2705,450,5
2706,451,0
2707,451,1
2708,451,2
2709,451,3
2710,451,4
2711,451,5
2712,452,0
2713,452,1
2714,452,2
2715,452,3
2716,452,4
2717,452,5
2718,453,0
2719,453,1
2720,453,2
2721,453,3
2722,453,4
2723,453,5
2724,454,0
2725,454,1
2726,454,2
2727,454,3
2728,454,4
2729,454,5
2730,455,0
2731,455,1
2732,455,2
2733,455,3
2734,455,4
2735,455,5
2736,456,0
2737,456,1
2738,456,2
2739,456,3
2740,456,4
2741,456,5
2742,457,0
2743,457,1
2744,457,2
2745,457,3
2746,457,4
2747,457,5
2748,458,0
2749,458,1
2750,458,2
2751,458,3
2752,458,4
2753,458,5
2754,459,0
2755,459,1
2756,459,2
2757,459,3
2758,459,4
2759,459,5
2760,460,0
2761,460,1
2762,460,2
2763,460,3
2764,460,4
2765,460,5
2766,461,0
2767,461,1
2768,461,2
2769,461,3
2770,461,4
2771,461,5
2772,462,0
2773,462,1
2774,462,2
2775,462,3
2776,462,4
2777,462,5
2778,463,0
2779,463,1
2780,463,2
2781,463,3
2782,463,4
2783,463,5
2784,464,0
2785,464,1
2786,464,2
2787,464,3
2788,464,4
2789,464,5
2790,465,0
2791,465,1
2792,465,2
2793,465,3
2794,465,4
2795,465,5
2796,466,0
2797,466,1
2798,466,2
2799,466,3
2800,466,4
2801,466,5
2802,467,0
2803,467,1
2804,467,2
2805,467,3
2806,467,4
2807,467,5
2808,468,0
2809,468,1
2810,468,2
2811,468,3
2812,468,4
2813,468,5
2814,469,0
2815,469,1
2816,469,2
2817,469,3
2818,469,4
2819,469,5
2820,470,0
2821,470,1
2822,470,2
2823,470,3
2824,470,4
2825,470,5
2826,471,0
2827,471,1
2828,471,2
2829,471,3
2830,471,4
2831,471,5
2832,472,0
2833,472,1
2834,472,2
2835,472,3
2836,472,4
2837,472,5
2838,473,0
2839,473,1
2840,473,2
2841,473,3
2842,473,4
2843,473,5
2844,474,0
2845,474,1
2846,474,2
2847,474,3
2848,474,4
2849,474,5
2850,475,0
2851,475,1
2852,475,2
2853,475,3
2854,475,4
2855,475,5
2856,476,0
2857,476,1
2858,476,2
2859,476,3
2860,476,4
2861,476,5
2862,477,0
2863,477,1
2864,477,2
2865,477,3
2866,477,4
2867,477,5
2868,478,0
2869,478,1
2870,478,2
2871,478,3
2872,478,4
2873,478,5
2874,479,0
2875,479,1
2876,479,2
2877,479,3
2878,479,4
2879,479,5
2880,480,0
2881,480,1
2882,480,2
2883,480,3
2884,480,4
2885,480,5
2886,481,0
2887,481,1
2888,481,2
2889,481,3
2890,481,4
2891,481,5
2892,482,0
2893,482,1
2894,482,2
2895,482,3
2896,482,4
2897,482,5
2898,483,0
2899,483,1
2900,483,2
2901,483,3
2902,483,4
2903,483,5
2904,484,0
2905,484,1
2906,484,2
2907,484,3
2908,484,4
2909,484,5
2910,485,0
2911,485,1
2912,485,2
2913,485,3
2914,485,4
2915,485,5
2916,486,0
2917,486,1
2918,486,2
2919,486,3
2920,486,4
2921,486,5
2922,487,0
2923,487,1
2924,487,2
2925,487,3
2926,487,4
2927,487,5
2928,488,0
2929,488,1
2930,488,2
2931,488,3
2932,488,4
2933,488,5
2934,489,0
2935,489,1
2936,489,2
2937,489,3
2938,489,4
2939,489,5
2940,490,0
2941,490,1
2942,490,2
2943,490,3
2944,490,4
2945,490,5
2946,491,0
2947,491,1
2948,491,2
2949,491,3
2950,491,4
2951,491,5
2952,492,0
2953,492,1
2954,492,2
2955,492,3
2956,492,4
2957,492,5
2958,493,0
2959,493,1
2960,493,2
2961,493,3
2962,493,4
2963,493,5
2964,494,0
2965,494,1
2966,494,2
2967,494,3
2968,494,4
2969,494,5
2970,495,0
2971,495,1
2972,495,2
2973,495,3
2974,495,4
2975,495,5
2976,496,0
2977,496,1
2978,496,2
2979,496,3
2980,496,4
2981,496,5
2982,497,0
2983,497,1
2984,497,2
2985,497,3
2986,497,4
2987,497,5
2988,498,0
2989,498,1
2990,498,2
2991,498,3
2992,498,4
2993,498,5
2994,499,0
2995,499,1
2996,499,2
2997,499,3
2998,499,4
2999,499,5
3000,500,0
3001,500,1
3002,500,2
3003,500,3
3004,500,4
3005,500,5
3006,501,0
3007,501,1
3008,501,2
3009,501,3
3010,501,4
3011,501,5
3012,502,0
3013,502,1
3014,502,2
3015,502,3
3016,502,4
3017,502,5
3018,503,0
3019,503,1
3020,503,2
3021,503,3
3022,503,4
3023,503,5
3024,504,0
3025,504,1
3026,504,2
3027,504,3
3028,504,4
3029,504,5
3030,505,0
3031,505,1
3032,505,2
3033,505,3
3034,505,4
3035,505,5
3036,506,0
3037,506,1
3038,506,2
3039,506,3
3040,506,4
3041,506,5
3042,507,0
3043,507,1
3044,507,2
3045,507,3
3046,507,4
3047,507,5
3048,508,0
3049,508,1
3050,508,2
3051,508,3
3052,508,4
3053,508,5
3054,509,0
3055,509,1
3056,509,2
3057,509,3
3058,509,4
3059,509,5
3060,510,0
3061,510,1
3062,510,2
3063,510,3
3064,510,4
3065,510,5
3066,511,0
3067,511,1
3068,511,2
3069,511,3
3070,511,4
3071,511,5
3072,512,0
3073,512,1
3074,512,2
3075,512,3
3076,512,4
3077,512,5
3078,513,0
3079,513,1
3080,513,2
3081,513,3
3082,513,4
3083,513,5
3084,514,0
3085,514,1
3086,514,2
3087,514,3
3088,514,4
3089,514,5
3090,515,0
3091,515,1
3092,515,2
3093,515,3
3094,515,4
3095,515,5
3096,516,0
3097,516,1
3098,516,2
3099,516,3
3100,516,4
3101,516,5
3102,517,0
3103,517,1
3104,517,2
3105,517,3
3106,517,4
3107,517,5
3108,518,0
3109,518,1
3110,518,2
3111,518,3
3112,518,4
3113,518,5
3114,519,0
3115,519,1
3116,519,2
3117,519,3
3118,519,4
3119,519,5
3120,520,0
3121,520,1
3122,520,2
3123,520,3
3124,520,4
3125,520,5
3126,521,0
3127,521,1
3128,521,2
3129,521,3
3130,521,4
3131,521,5
3132,522,0
3133,522,1
3134,522,2
3135,522,3
3136,522,4
3137,522,5
3138,523,0
3139,523,1
3140,523,2
3141,523,3
3142,523,4
3143,523,5
3144,524,0
3145,524,1
3146,524,2
3147,524,3
3148,524,4
3149,524,5
3150,525,0
3151,525,1
3152,525,2
3153,525,3
3154,525,4
3155,525,5
3156,526,0
3157,526,1
3158,526,2
3159,526,3
3160,526,4
3161,526,5
3162,527,0
3163,527,1
3164,527,2
3165,527,3
3166,527,4
3167,527,5
3168,528,0
3169,528,1
3170,528,2
3171,528,3
3172,528,4
3173,528,5
3174,529,0
3175,529,1
3176,529,2
3177,529,3
3178,529,4
3179,529,5
3180,530,0
3181,530,1
3182,530,2
3183,530,3
3184,530,4
3185,530,5
3186,531,0
3187,531,1
3188,531,2
3189,531,3
3190,531,4
3191,531,5
3192,532,0
3193,532,1
3194,532,2
3195,532,3
3196,532,4
3197,532,5
3198,533,0
3199,533,1
3200,533,2
3201,533,3
3202,533,4
3203,533,5
3204,534,0
3205,534,1
3206,534,2
3207,534,3
3208,534,4
3209,534,5
3210,535,0
3211,535,1
3212,535,2
3213,535,3
3214,535,4
3215,535,5
3216,536,0
3217,536,1
3218,536,2
3219,536,3
3220,536,4
3221,536,5
3222,537,0
3223,537,1
3224,537,2
3225,537,3
3226,537,4
3227,537,5
3228,538,0
3229,538,1
3230,538,2
3231,538,3
3232,538,4
3233,538,5
3234,539,0
3235,539,1
3236,539,2
3237,539,3
3238,539,4
3239,539,5
3240,540,0
3241,540,1
3242,540,2
3243,540,3
3244,540,4
3245,540,5
3246,541,0
3247,541,1
3248,541,2
3249,541,3
3250,541,4
3251,541,5
3252,542,0
3253,542,1
3254,542,2
3255,542,3
3256,542,4
3257,542,5
3258,543,0
3259,543,1
3260,543,2
3261,543,3
3262,543,4
3263,543,5
3264,544,0
3265,544,1
3266,544,2
3267,544,3
3268,544,4
3269,544,5
3270,545,0
3271,545,1
3272,545,2
3273,545,3
3274,545,4
3275,545,5
3276,546,0
3277,546,1
3278,546,2
3279,546,3
3280,546,4
3281,546,5
3282,547,0
3283,547,1
3284,547,2
3285,547,3
3286,547,4
3287,547,5
3288,548,0
3289,548,1
3290,548,2
3291,548,3
3292,548,4
3293,548,5
3294,549,0
3295,549,1
3296,549,2
3297,549,3
3298,549,4
3299,549,5
3300,550,0
3301,550,1
3302,550,2
3303,550,3
3304,550,4
3305,550,5
3306,551,0
3307,551,1
3308,551,2
3309,551,3
3310,551,4
3311,551,5
3312,552,0
3313,552,1
3314,552,2
3315,552,3
3316,552,4
3317,552,5
3318,553,0
3319,553,1
3320,553,2
3321,553,3
3322,553,4
3323,553,5
3324,554,0
3325,554,1
3326,554,2
3327,554,3
3328,554,4
3329,554,5
3330,555,0
3331,555,1
3332,555,2
3333,555,3
3334,555,4
3335,555,5
3336,556,0
3337,556,1
3338,556,2
3339,556,3
3340,556,4
3341,556,5
3342,557,0
3343,557,1
3344,557,2
3345,557,3
3346,557,4
3347,557,5
3348,558,0
3349,558,1
3350,558,2
3351,558,3
3352,558,4
3353,558,5
3354,559,0
3355,559,1
3356,559,2
3357,559,3
3358,559,4
3359,559,5
3360,560,0
3361,560,1
3362,560,2
3363,560,3
3364,560,4
3365,560,5
3366,561,0
3367,561,1
3368,561,2
3369,561,3
3370,561,4
3371,561,5
3372,562,0
3373,562,1
3374,562,2
3375,562,3
3376,562,4
3377,562,5
3378,563,0
3379,563,1
3380,563,2
3381,563,3
3382,563,4
3383,563,5
3384,564,0
3385,564,1
3386,564,2
3387,564,3
3388,564,4
3389,564,5
3390,565,0
3391,565,1
3392,565,2
3393,565,3
3394,565,4
3395,565,5
3396,566,0
3397,566,1
3398,566,2
3399,566,3
3400,566,4
3401,566,5
3402,567,0
3403,567,1
3404,567,2
3405,567,3
3406,567,4
3407,567,5
3408,568,0
3409,568,1
3410,568,2
3411,568,3
3412,568,4
3413,568,5
3414,569,0
3415,569,1
3416,569,2
3417,569,3
3418,569,4
3419,569,5
3420,570,0
3421,570,1
3422,570,2
3423,570,3
3424,570,4
3425,570,5
3426,571,0
3427,571,1
3428,571,2
3429,571,3
3430,571,4
3431,571,5
3432,572,0
3433,572,1
3434,572,2
3435,572,3
3436,572,4
3437,572,5
3438,573,0
3439,573,1
3440,573,2
3441,573,3
3442,573,4
3443,573,5
3444,574,0
3445,574,1
3446,574,2
3447,574,3
3448,574,4
3449,574,5
3450,575,0
3451,575,1
3452,575,2
3453,575,3
3454,575,4
3455,575,5
3456,576,0
3457,576,1
3458,576,2
3459,576,3
3460,576,4
3461,576,5
3462,577,0
3463,577,1
3464,577,2
3465,577,3
3466,577,4
3467,577,5
3468,578,0
3469,578,1
3470,578,2
3471,578,3
3472,578,4
3473,578,5
3474,579,0
3475,579,1
3476,579,2
3477,579,3
3478,579,4
3479,579,5
3480,580,0
3481,580,1
3482,580,2
3483,580,3
3484,580,4
3485,580,5
3486,581,0
3487,581,1
3488,581,2
3489,581,3
3490,581,4
3491,581,5
3492,582,0
3493,582,1
3494,582,2
3495,582,3
3496,582,4
3497,582,5
3498,583,0
3499,583,1
3500,583,2
3501,583,3
3502,583,4
3503,583,5
3504,584,0
3505,584,1
3506,584,2
3507,584,3
3508,584,4
3509,584,5
3510,585,0
3511,585,1
3512,585,2
3513,585,3
3514,585,4
3515,585,5
3516,586,0
3517,586,1
3518,586,2
3519,586,3
3520,586,4
3521,586,5
3522,587,0
3523,587,1
3524,587,2
3525,587,3
3526,587,4
3527,587,5
3528,588,0
3529,588,1
3530,588,2
3531,588,3
3532,588,4
3533,588,5
3534,589,0
3535,589,1
3536,589,2
3537,589,3
3538,589,4
3539,589,5
3540,590,0
3541,590,1
3542,590,2
3543,590,3
3544,590,4
3545,590,5
3546,591,0
3547,591,1
3548,591,2
3549,591,3
3550,591,4
3551,591,5
3552,592,0
3553,592,1
3554,592,2
3555,592,3
3556,592,4
3557,592,5
3558,593,0
3559,593,1
3560,593,2
3561,593,3
3562,593,4
3563,593,5
3564,594,0
3565,594,1
3566,594,2
3567,594,3
3568,594,4
3569,594,5
3570,595,0
3571,595,1
3572,595,2
3573,595,3
3574,595,4
3575,595,5
3576,596,0
3577,596,1
3578,596,2
3579,596,3
3580,596,4
3581,596,5
3582,597,0
3583,597,1
3584,597,2
3585,597,3
3586,597,4
3587,597,5
3588,598,0
3589,598,1
3590,598,2
3591,598,3
3592,598,4
3593,598,5
3594,599,0
3595,599,1
3596,599,2
3597,599,3
3598,599,4
3599,599,5
3600,600,0
3601,600,1
3602,600,2
3603,600,3
3604,600,4
3605,600,5
3606,601,0
3607,601,1
3608,601,2
3609,601,3
3610,601,4
3611,601,5
3612,602,0
3613,602,1
3614,602,2
3615,602,3
3616,602,4
3617,602,5
3618,603,0
3619,603,1
3620,603,2
3621,603,3
3622,603,4
3623,603,5
3624,604,0
3625,604,1
3626,604,2
3627,604,3
3628,604,4
3629,604,5
3630,605,0
3631,605,1
3632,605,2
3633,605,3
3634,605,4
3635,605,5
3636,606,0
3637,606,1
3638,606,2
3639,606,3
3640,606,4
3641,606,5
3642,607,0
3643,607,1
3644,607,2
3645,607,3
3646,607,4
3647,607,5
3648,608,0
3649,608,1
3650,608,2
3651,608,3
3652,608,4
3653,608,5
3654,609,0
3655,609,1
3656,609,2
3657,609,3
3658,609,4
3659,609,5
3660,610,0
3661,610,1
3662,610,2
3663,610,3
3664,610,4
3665,610,5
3666,611,0
3667,611,1
3668,611,2
3669,611,3
3670,611,4
3671,611,5
3672,612,0
3673,612,1
3674,612,2
3675,612,3
3676,612,4
3677,612,5
3678,613,0
3679,613,1
3680,613,2
3681,613,3
3682,613,4
3683,613,5
3684,614,0
3685,614,1
3686,614,2
3687,614,3
3688,614,4
3689,614,5
3690,615,0
3691,615,1
3692,615,2
3693,615,3
3694,615,4
3695,615,5
3696,616,0
3697,616,1
3698,616,2
3699,616,3
3700,616,4
3701,616,5
3702,617,0
3703,617,1
3704,617,2
3705,617,3
3706,617,4
3707,617,5
3708,618,0
3709,618,1
3710,618,2
3711,618,3
3712,618,4
3713,618,5
3714,619,0
3715,619,1
3716,619,2
3717,619,3
3718,619,4
3719,619,5
3720,620,0
3721,620,1
3722,620,2
3723,620,3
3724,620,4
3725,620,5
3726,621,0
3727,621,1
3728,621,2
3729,621,3
3730,621,4
3731,621,5
3732,622,0
3733,622,1
3734,622,2
3735,622,3
3736,622,4
3737,622,5
3738,623,0
3739,623,1
3740,623,2
3741,623,3
3742,623,4
3743,623,5
3744,624,0
3745,624,1
3746,624,2
3747,624,3
3748,624,4
3749,624,5
3750,625,0
3751,625,1
3752,625,2
3753,625,3
3754,625,4
3755,625,5
3756,626,0
3757,626,1
3758,626,2
3759,626,3
3760,626,4
3761,626,5
3762,627,0
3763,627,1
3764,627,2
3765,627,3
3766,627,4
3767,627,5
3768,628,0
3769,628,1
3770,628,2
3771,628,3
3772,628,4
3773,628,5
3774,629,0
3775,629,1
3776,629,2
3777,629,3
3778,629,4
3779,629,5
3780,630,0
3781,630,1
3782,630,2
3783,630,3
3784,630,4
3785,630,5
3786,631,0
3787,631,1
3788,631,2
3789,631,3
3790,631,4
3791,631,5
3792,632,0
3793,632,1
3794,632,2
3795,632,3
3796,632,4
3797,632,5
3798,633,0
3799,633,1
3800,633,2
3801,633,3
3802,633,4
3803,633,5
3804,634,0
3805,634,1
3806,634,2
3807,634,3
3808,634,4
3809,634,5
3810,635,0
3811,635,1
3812,635,2
3813,635,3
3814,635,4
3815,635,5
3816,636,0
3817,636,1
3818,636,2
3819,636,3
3820,636,4
3821,636,5
3822,637,0
3823,637,1
3824,637,2
3825,637,3
3826,637,4
3827,637,5
3828,638,0
3829,638,1
3830,638,2
3831,638,3
3832,638,4
3833,638,5
3834,639,0
3835,639,1
3836,639,2
3837,639,3
3838,639,4
3839,639,5
3840,640,0
3841,640,1
3842,640,2
3843,640,3
3844,640,4
3845,640,5
3846,641,0
3847,641,1
3848,641,2
3849,641,3
3850,641,4
3851,641,5
3852,642,0
3853,642,1
3854,642,2
3855,642,3
3856,642,4
3857,642,5
3858,643,0
3859,643,1
3860,643,2
3861,643,3
3862,643,4
3863,643,5
3864,644,0
3865,644,1
3866,644,2
3867,644,3
3868,644,4
3869,644,5
3870,645,0
3871,645,1
3872,645,2
3873,645,3
3874,645,4
3875,645,5
3876,646,0
3877,646,1
3878,646,2
3879,646,3
3880,646,4
3881,646,5
3882,647,0
3883,647,1
3884,647,2
3885,647,3
3886,647,4
3887,647,5
3888,648,0
3889,648,1
3890,648,2
3891,648,3
3892,648,4
3893,648,5
3894,649,0
3895,649,1
3896,649,2
3897,649,3
3898,649,4
3899,649,5
3900,650,0
3901,650,1
3902,650,2
3903,650,3
3904,650,4
3905,650,5
3906,651,0
3907,651,1
3908,651,2
3909,651,3
3910,651,4
3911,651,5
3912,652,0
3913,652,1
3914,652,2
3915,652,3
3916,652,4
3917,652,5
3918,653,0
3919,653,1
3920,653,2
3921,653,3
3922,653,4
3923,653,5
3924,654,0
3925,654,1
3926,654,2
3927,654,3
3928,654,4
3929,654,5
3930,655,0
3931,655,1
3932,655,2
3933,655,3
3934,655,4
3935,655,5
3936,656,0
3937,656,1
3938,656,2
3939,656,3
3940,656,4
3941,656,5
3942,657,0
3943,657,1
3944,657,2
3945,657,3
3946,657,4
3947,657,5
3948,658,0
3949,658,1
3950,658,2
3951,658,3
3952,658,4
3953,658,5
3954,659,0
3955,659,1
3956,659,2
3957,659,3
3958,659,4
3959,659,5
3960,660,0
3961,660,1
3962,660,2
3963,660,3
3964,660,4
3965,660,5
3966,661,0
3967,661,1
3968,661,2
3969,661,3
3970,661,4
3971,661,5
3972,662,0
3973,662,1
3974,662,2
3975,662,3
3976,662,4
3977,662,5
3978,663,0
3979,663,1
3980,663,2
3981,663,3
3982,663,4
3983,663,5
3984,664,0
3985,664,1
3986,664,2
3987,664,3
3988,664,4
3989,664,5
3990,665,0
3991,665,1
3992,665,2
3993,665,3
3994,665,4
3995,665,5
3996,666,0
3997,666,1
3998,666,2
3999,666,3
4000,666,4
4001,666,5
4002,667,0
4003,667,1
4004,667,2
4005,667,3
4006,667,4
4007,667,5
4008,668,0
4009,668,1
4010,668,2
4011,668,3
4012,668,4
4013,668,5
4014,669,0
4015,669,1
4016,669,2
4017,669,3
4018,669,4
4019,669,5
4020,670,0
4021,670,1
4022,670,2
4023,670,3
4024,670,4
4025,670,5
4026,671,0
4027,671,1
4028,671,2
4029,671,3
4030,671,4
4031,671,5
4032,672,0
4033,672,1
4034,672,2
4035,672,3
4036,672,4
4037,672,5
4038,673,0
4039,673,1
4040,673,2
4041,673,3
4042,673,4
4043,673,5
4044,674,0
4045,674,1
4046,674,2
4047,674,3
4048,674,4
4049,674,5
4050,675,0
4051,675,1
4052,675,2
4053,675,3
4054,675,4
4055,675,5
4056,676,0
4057,676,1
4058,676,2
4059,676,3
4060,676,4
4061,676,5
4062,677,0
4063,677,1
4064,677,2
4065,677,3
4066,677,4
4067,677,5
4068,678,0
4069,678,1
4070,678,2
4071,678,3
4072,678,4
4073,678,5
4074,679,0
4075,679,1
4076,679,2
4077,679,3
4078,679,4
4079,679,5
4080,680,0
4081,680,1
4082,680,2
4083,680,3
4084,680,4
4085,680,5
4086,681,0
4087,681,1
4088,681,2
4089,681,3
4090,681,4
4091,681,5
4092,682,0
4093,682,1
4094,682,2
4095,682,3
4096,682,4
4097,682,5
4098,683,0
4099,683,1
4100,683,2
4101,683,3
4102,683,4
4103,683,5
4104,684,0
4105,684,1
4106,684,2
4107,684,3
4108,684,4
4109,684,5
4110,685,0
4111,685,1
4112,685,2
4113,685,3
4114,685,4
4115,685,5
4116,686,0
4117,686,1
4118,686,2
4119,686,3
4120,686,4
4121,686,5
4122,687,0
4123,687,1
4124,687,2
4125,687,3
4126,687,4
4127,687,5
4128,688,0
4129,688,1
4130,688,2
4131,688,3
4132,688,4
4133,688,5
4134,689,0
4135,689,1
4136,689,2
4137,689,3
4138,689,4
4139,689,5
4140,690,0
4141,690,1
4142,690,2
4143,690,3
4144,690,4
4145,690,5
4146,691,0
4147,691,1
4148,691,2
4149,691,3
4150,691,4
4151,691,5
4152,692,0
4153,692,1
4154,692,2
4155,692,3
4156,692,4
4157,692,5
4158,693,0
4159,693,1
4160,693,2
4161,693,3
4162,693,4
4163,693,5
4164,694,0
4165,694,1
4166,694,2
4167,694,3
4168,694,4
4169,694,5
4170,695,0
4171,695,1
4172,695,2
4173,695,3
4174,695,4
4175,695,5
4176,696,0
4177,696,1
4178,696,2
4179,696,3
4180,696,4
4181,696,5
4182,697,0
4183,697,1
4184,697,2
4185,697,3
4186,697,4
4187,697,5
4188,698,0
4189,698,1
4190,698,2
4191,698,3
4192,698,4
4193,698,5
4194,699,0
4195,699,1
4196,699,2
4197,699,3
4198,699,4
4199,699,5
4200,700,0
4201,700,1
4202,700,2
4203,700,3
4204,700,4
4205,700,5
4206,701,0
4207,701,1
4208,701,2
4209,701,3
4210,701,4
4211,701,5
4212,702,0
4213,702,1
4214,702,2
4215,702,3
4216,702,4
4217,702,5
4218,703,0
4219,703,1
4220,703,2
4221,703,3
4222,703,4
4223,703,5
4224,704,0
4225,704,1
4226,704,2
4227,704,3
4228,704,4
4229,704,5
4230,705,0
4231,705,1
4232,705,2
4233,705,3
4234,705,4
4235,705,5
4236,706,0
4237,706,1
4238,706,2
4239,706,3
4240,706,4
4241,706,5
4242,707,0
4243,707,1
4244,707,2
4245,707,3
4246,707,4
4247,707,5
4248,708,0
4249,708,1
4250,708,2
4251,708,3
4252,708,4
4253,708,5
4254,709,0
4255,709,1
4256,709,2
4257,709,3
4258,709,4
4259,709,5
4260,710,0
4261,710,1
4262,710,2
4263,710,3
4264,710,4
4265,710,5
4266,711,0
4267,711,1
4268,711,2
4269,711,3
4270,711,4
4271,711,5
4272,712,0
4273,712,1
4274,712,2
4275,712,3
4276,712,4
4277,712,5
4278,713,0
4279,713,1
4280,713,2
4281,713,3
4282,713,4
4283,713,5
4284,714,0
4285,714,1
4286,714,2
4287,714,3
4288,714,4
4289,714,5
4290,715,0
4291,715,1
4292,715,2
4293,715,3
4294,715,4
4295,715,5
4296,716,0
4297,716,1
4298,716,2
4299,716,3
4300,716,4
4301,716,5
4302,717,0
4303,717,1
4304,717,2
4305,717,3
4306,717,4
4307,717,5
4308,718,0
4309,718,1
4310,718,2
4311,718,3
4312,718,4
4313,718,5
4314,719,0
4315,719,1
4316,719,2
4317,719,3
4318,719,4
4319,719,5
4320,720,0
4321,720,1
4322,720,2
4323,720,3
4324,720,4
4325,720,5
4326,721,0
4327,721,1
4328,721,2
4329,721,3
4330,721,4
4331,721,5
4332,722,0
4333,722,1
4334,722,2
4335,722,3
4336,722,4
4337,722,5
4338,723,0
4339,723,1
4340,723,2
4341,723,3
4342,723,4
4343,723,5
4344,724,0
4345,724,1
4346,724,2
4347,724,3
4348,724,4
4349,724,5
4350,725,0
4351,725,1
4352,725,2
4353,725,3
4354,725,4
4355,725,5
4356,726,0
4357,726,1
4358,726,2
4359,726,3
4360,726,4
4361,726,5
4362,727,0
4363,727,1
4364,727,2
4365,727,3
4366,727,4
4367,727,5
4368,728,0
4369,728,1
4370,728,2
4371,728,3
4372,728,4
4373,728,5
4374,729,0
4375,729,1
4376,729,2
4377,729,3
4378,729,4
4379,729,5
4380,730,0
4381,730,1
4382,730,2
4383,730,3
4384,730,4
4385,730,5
4386,731,0
4387,731,1
4388,731,2
4389,731,3
4390,731,4
4391,731,5
4392,732,0
4393,732,1
4394,732,2
4395,732,3
4396,732,4
4397,732,5
4398,733,0
4399,733,1
4400,733,2
4401,733,3
4402,733,4
4403,733,5
4404,734,0
4405,734,1
4406,734,2
4407,734,3
4408,734,4
4409,734,5
4410,735,0
4411,735,1
4412,735,2
4413,735,3
4414,735,4
4415,735,5
4416,736,0
4417,736,1
4418,736,2
4419,736,3
4420,736,4
4421,736,5
4422,737,0
4423,737,1
4424,737,2
4425,737,3
4426,737,4
4427,737,5
4428,738,0
4429,738,1
4430,738,2
4431,738,3
4432,738,4
4433,738,5
4434,739,0
4435,739,1
4436,739,2
4437,739,3
4438,739,4
4439,739,5
4440,740,0
4441,740,1
4442,740,2
4443,740,3
4444,740,4
4445,740,5
4446,741,0
4447,741,1
4448,741,2
4449,741,3
4450,741,4
4451,741,5
4452,742,0
4453,742,1
4454,742,2
4455,742,3
4456,742,4
4457,742,5
4458,743,0
4459,743,1
4460,743,2
4461,743,3
4462,743,4
4463,743,5
4464,744,0
4465,744,1
4466,744,2
4467,744,3
4468,744,4
4469,744,5
4470,745,0
4471,745,1
4472,745,2
4473,745,3
4474,745,4
4475,745,5
4476,746,0
4477,746,1
4478,746,2
4479,746,3
4480,746,4
4481,746,5
4482,747,0
4483,747,1
4484,747,2
4485,747,3
4486,747,4
4487,747,5
4488,748,0
4489,748,1
4490,748,2
4491,748,3
4492,748,4
4493,748,5
4494,749,0
4495,749,1
4496,749,2
4497,749,3
4498,749,4
4499,749,5
4500,750,0
4501,750,1
4502,750,2
4503,750,3
4504,750,4
4505,750,5
4506,751,0
4507,751,1
4508,751,2
4509,751,3
4510,751,4
4511,751,5
4512,752,0
4513,752,1
4514,752,2
4515,752,3
4516,752,4
4517,752,5
4518,753,0
4519,753,1
4520,753,2
4521,753,3
4522,753,4
4523,753,5
4524,754,0
4525,754,1
4526,754,2
4527,754,3
4528,754,4
4529,754,5
4530,755,0
4531,755,1
4532,755,2
4533,755,3
4534,755,4
4535,755,5
4536,756,0
4537,756,1
4538,756,2
4539,756,3
4540,756,4
4541,756,5
4542,757,0
4543,757,1
4544,757,2
4545,757,3
4546,757,4
4547,757,5
4548,758,0
4549,758,1
4550,758,2
4551,758,3
4552,758,4
4553,758,5
4554,759,0
4555,759,1
4556,759,2
4557,759,3
4558,759,4
4559,759,5
4560,760,0
4561,760,1
4562,760,2
4563,760,3
4564,760,4
4565,760,5
4566,761,0
4567,761,1
4568,761,2
4569,761,3
4570,761,4
4571,761,5
4572,762,0
4573,762,1
4574,762,2
4575,762,3
4576,762,4
4577,762,5
4578,763,0
4579,763,1
4580,763,2
4581,763,3
4582,763,4
4583,763,5
4584,764,0
4585,764,1
4586,764,2
4587,764,3
4588,764,4
4589,764,5
4590,765,0
4591,765,1
4592,765,2
4593,765,3
4594,765,4
4595,765,5
4596,766,0
4597,766,1
4598,766,2
4599,766,3
4600,766,4
4601,766,5
4602,767,0
4603,767,1
4604,767,2
4605,767,3
4606,767,4
4607,767,5
4608,768,0
4609,768,1
4610,768,2
4611,768,3
4612,768,4
4613,768,5
4614,769,0
4615,769,1
4616,769,2
4617,769,3
4618,769,4
4619,769,5
4620,770,0
4621,770,1
4622,770,2
4623,770,3
4624,770,4
4625,770,5
4626,771,0
4627,771,1
4628,771,2
4629,771,3
4630,771,4
4631,771,5
4632,772,0
4633,772,1
4634,772,2
4635,772,3
4636,772,4
4637,772,5
4638,773,0
4639,773,1
4640,773,2
4641,773,3
4642,773,4
4643,773,5
4644,774,0
4645,774,1
4646,774,2
4647,774,3
4648,774,4
4649,774,5
4650,775,0
4651,775,1
4652,775,2
4653,775,3
4654,775,4
4655,775,5
4656,776,0
4657,776,1
4658,776,2
4659,776,3
4660,776,4
4661,776,5
4662,777,0
4663,777,1
4664,777,2
4665,777,3
4666,777,4
4667,777,5
4668,778,0
4669,778,1
4670,778,2
4671,778,3
4672,778,4
4673,778,5
4674,779,0
4675,779,1
4676,779,2
4677,779,3
4678,779,4
4679,779,5
4680,780,0
4681,780,1
4682,780,2
4683,780,3
4684,780,4
4685,780,5
4686,781,0
4687,781,1
4688,781,2
4689,781,3
4690,781,4
4691,781,5
4692,782,0
4693,782,1
4694,782,2
4695,782,3
4696,782,4
4697,782,5
4698,783,0
4699,783,1
4700,783,2
4701,783,3
4702,783,4
4703,783,5
4704,784,0
4705,784,1
4706,784,2
4707,784,3
4708,784,4
4709,784,5
4710,785,0
4711,785,1
4712,785,2
4713,785,3
4714,785,4
4715,785,5
4716,786,0
4717,786,1
4718,786,2
4719,786,3
4720,786,4
4721,786,5
4722,787,0
4723,787,1
4724,787,2
4725,787,3
4726,787,4
4727,787,5
4728,788,0
4729,788,1
4730,788,2
4731,788,3
4732,788,4
4733,788,5
4734,789,0
4735,789,1
4736,789,2
4737,789,3
4738,789,4
4739,789,5
4740,790,0
4741,790,1
4742,790,2
4743,790,3
4744,790,4
4745,790,5
4746,791,0
4747,791,1
4748,791,2
4749,791,3
4750,791,4
4751,791,5
4752,792,0
4753,792,1
4754,792,2
4755,792,3
4756,792,4
4757,792,5
4758,793,0
4759,793,1
4760,793,2
4761,793,3
4762,793,4
4763,793,5
4764,794,0
4765,794,1
4766,794,2
4767,794,3
4768,794,4
4769,794,5
4770,795,0
4771,795,1
4772,795,2
4773,795,3
4774,795,4
4775,795,5
4776,796,0
4777,796,1
4778,796,2
4779,796,3
4780,796,4
4781,796,5
4782,797,0
4783,797,1
4784,797,2
4785,797,3
4786,797,4
4787,797,5
4788,798,0
4789,798,1
4790,798,2
4791,798,3
4792,798,4
4793,798,5
4794,799,0
4795,799,1
4796,799,2
4797,799,3
4798,799,4
4799,799,5
4800,800,0
4801,800,1
4802,800,2
4803,800,3
4804,800,4
4805,800,5
4806,801,0
4807,801,1
4808,801,2
4809,801,3
4810,801,4
4811,801,5
4812,802,0
4813,802,1
4814,802,2
4815,802,3
4816,802,4
4817,802,5
4818,803,0
4819,803,1
4820,803,2
4821,803,3
4822,803,4
4823,803,5
4824,804,0
4825,804,1
4826,804,2
4827,804,3
4828,804,4
4829,804,5
4830,805,0
4831,805,1
4832,805,2
4833,805,3
4834,805,4
4835,805,5
4836,806,0
4837,806,1
4838,806,2
4839,806,3
4840,806,4
4841,806,5
4842,807,0
4843,807,1
4844,807,2
4845,807,3
4846,807,4
4847,807,5
4848,808,0
4849,808,1
4850,808,2
4851,808,3
4852,808,4
4853,808,5
4854,809,0
4855,809,1
4856,809,2
4857,809,3
4858,809,4
4859,809,5
4860,810,0
4861,810,1
4862,810,2
4863,810,3
4864,810,4
4865,810,5
4866,811,0
4867,811,1
4868,811,2
4869,811,3
4870,811,4
4871,811,5
4872,812,0
4873,812,1
4874,812,2
4875,812,3
4876,812,4
4877,812,5
4878,813,0
4879,813,1
4880,813,2
4881,813,3
4882,813,4
4883,813,5
4884,814,0
4885,814,1
4886,814,2
4887,814,3
4888,814,4
4889,814,5
4890,815,0
4891,815,1
4892,815,2
4893,815,3
4894,815,4
4895,815,5
4896,816,0
4897,816,1
4898,816,2
4899,816,3
4900,816,4
4901,816,5
4902,817,0
4903,817,1
4904,817,2
4905,817,3
4906,817,4
4907,817,5
4908,818,0
4909,818,1
4910,818,2
4911,818,3
4912,818,4
4913,818,5
4914,819,0
4915,819,1
4916,819,2
4917,819,3
4918,819,4
4919,819,5
4920,820,0
4921,820,1
4922,820,2
4923,820,3
4924,820,4
4925,820,5
4926,821,0
4927,821,1
4928,821,2
4929,821,3
4930,821,4
4931,821,5
4932,822,0
4933,822,1
4934,822,2
4935,822,3
4936,822,4
4937,822,5
4938,823,0
4939,823,1
4940,823,2
4941,823,3
4942,823,4
4943,823,5
4944,824,0
4945,824,1
4946,824,2
4947,824,3
4948,824,4
4949,824,5
4950,825,0
4951,825,1
4952,825,2
4953,825,3
4954,825,4
4955,825,5
4956,826,0
4957,826,1
4958,826,2
4959,826,3
4960,826,4
4961,826,5
4962,827,0
4963,827,1
4964,827,2
4965,827,3
4966,827,4
4967,827,5
4968,828,0
4969,828,1
4970,828,2
4971,828,3
4972,828,4
4973,828,5
4974,829,0
4975,829,1
4976,829,2
4977,829,3
4978,829,4
4979,829,5
4980,830,0
4981,830,1
4982,830,2
4983,830,3
4984,830,4
4985,830,5
4986,831,0
4987,831,1
4988,831,2
4989,831,3
4990,831,4
4991,831,5
4992,832,0
4993,832,1
4994,832,2
4995,832,3
4996,832,4
4997,832,5
4998,833,0
4999,833,1
5000,833,2
5001,833,3
5002,833,4
5003,833,5
5004,834,0
5005,834,1
5006,834,2
5007,834,3
5008,834,4
5009,834,5
5010,835,0
5011,835,1
5012,835,2
5013,835,3
5014,835,4
5015,835,5
5016,836,0
5017,836,1
5018,836,2
5019,836,3
5020,836,4
5021,836,5
5022,837,0
5023,837,1
5024,837,2
5025,837,3
5026,837,4
5027,837,5
5028,838,0
5029,838,1
5030,838,2
5031,838,3
5032,838,4
5033,838,5
5034,839,0
5035,839,1
5036,839,2
5037,839,3
5038,839,4
5039,839,5
5040,840,0
5041,840,1
5042,840,2
5043,840,3
5044,840,4
5045,840,5
5046,841,0
5047,841,1
5048,841,2
5049,841,3
5050,841,4
5051,841,5
5052,842,0
5053,842,1
5054,842,2
5055,842,3
5056,842,4
5057,842,5
5058,843,0
5059,843,1
5060,843,2
5061,843,3
5062,843,4
5063,843,5
5064,844,0
5065,844,1
5066,844,2
5067,844,3
5068,844,4
5069,844,5
5070,845,0
5071,845,1
5072,845,2
5073,845,3
5074,845,4
5075,845,5
5076,846,0
5077,846,1
5078,846,2
5079,846,3
5080,846,4
5081,846,5
5082,847,0
5083,847,1
5084,847,2
5085,847,3
5086,847,4
5087,847,5
5088,848,0
5089,848,1
5090,848,2
5091,848,3
5092,848,4
5093,848,5
5094,849,0
5095,849,1
5096,849,2
5097,849,3
5098,849,4
5099,849,5
5100,850,0
5101,850,1
5102,850,2
5103,850,3
5104,850,4
5105,850,5
5106,851,0
5107,851,1
5108,851,2
5109,851,3
5110,851,4
5111,851,5
5112,852,0
5113,852,1
5114,852,2
5115,852,3
5116,852,4
5117,852,5
5118,853,0
5119,853,1
5120,853,2
5121,853,3
5122,853,4
5123,853,5
5124,854,0
5125,854,1
5126,854,2
5127,854,3
5128,854,4
5129,854,5
5130,855,0
5131,855,1
5132,855,2
5133,855,3
5134,855,4
5135,855,5
5136,856,0
5137,856,1
5138,856,2
5139,856,3
5140,856,4
5141,856,5
5142,857,0
5143,857,1
5144,857,2
5145,857,3
5146,857,4
5147,857,5
5148,858,0
5149,858,1
5150,858,2
5151,858,3
5152,858,4
5153,858,5
5154,859,0
5155,859,1
5156,859,2
5157,859,3
5158,859,4
5159,859,5
5160,860,0
5161,860,1
5162,860,2
5163,860,3
5164,860,4
5165,860,5
5166,861,0
5167,861,1
5168,861,2
5169,861,3
5170,861,4
5171,861,5
5172,862,0
5173,862,1
5174,862,2
5175,862,3
5176,862,4
5177,862,5
5178,863,0
5179,863,1
5180,863,2
5181,863,3
5182,863,4
5183,863,5
5184,864,0
5185,864,1
5186,864,2
5187,864,3
5188,864,4
5189,864,5
5190,865,0
5191,865,1
5192,865,2
5193,865,3
5194,865,4
5195,865,5
5196,866,0
5197,866,1
5198,866,2
5199,866,3
5200,866,4
5201,866,5
5202,867,0
5203,867,1
5204,867,2
5205,867,3
5206,867,4
5207,867,5
5208,868,0
5209,868,1
5210,868,2
5211,868,3
5212,868,4
5213,868,5
5214,869,0
5215,869,1
5216,869,2
5217,869,3
5218,869,4
5219,869,5
5220,870,0
5221,870,1
5222,870,2
5223,870,3
5224,870,4
5225,870,5
5226,871,0
5227,871,1
5228,871,2
5229,871,3
5230,871,4
5231,871,5
5232,872,0
5233,872,1
5234,872,2
5235,872,3
5236,872,4
5237,872,5
5238,873,0
5239,873,1
5240,873,2
5241,873,3
5242,873,4
5243,873,5
5244,874,0
5245,874,1
5246,874,2
5247,874,3
5248,874,4
5249,874,5
5250,875,0
5251,875,1
5252,875,2
5253,875,3
5254,875,4
5255,875,5
5256,876,0
5257,876,1
5258,876,2
5259,876,3
5260,876,4
5261,876,5
5262,877,0
5263,877,1
5264,877,2
5265,877,3
5266,877,4
5267,877,5
5268,878,0
5269,878,1
5270,878,2
5271,878,3
5272,878,4
5273,878,5
5274,879,0
5275,879,1
5276,879,2
5277,879,3
5278,879,4
5279,879,5
5280,880,0
5281,880,1
5282,880,2
5283,880,3
5284,880,4
5285,880,5
5286,881,0
5287,881,1
5288,881,2
5289,881,3
5290,881,4
5291,881,5
5292,882,0
5293,882,1
5294,882,2
5295,882,3
5296,882,4
5297,882,5
5298,883,0
5299,883,1
5300,883,2
5301,883,3
5302,883,4
5303,883,5
5304,884,0
5305,884,1
5306,884,2
5307,884,3
5308,884,4
5309,884,5
5310,885,0
5311,885,1
5312,885,2
5313,885,3
5314,885,4
5315,885,5
5316,886,0
5317,886,1
5318,886,2
5319,886,3
5320,886,4
5321,886,5
5322,887,0
5323,887,1
5324,887,2
5325,887,3
5326,887,4
5327,887,5
5328,888,0
5329,888,1
5330,888,2
5331,888,3
5332,888,4
5333,888,5
5334,889,0
5335,889,1
5336,889,2
5337,889,3
5338,889,4
5339,889,5
5340,890,0
5341,890,1
5342,890,2
5343,890,3
5344,890,4
5345,890,5
5346,891,0
5347,891,1
5348,891,2
5349,891,3
5350,891,4
5351,891,5
5352,892,0
5353,892,1
5354,892,2
5355,892,3
5356,892,4
5357,892,5
5358,893,0
5359,893,1
5360,893,2
5361,893,3
5362,893,4
5363,893,5
5364,894,0
5365,894,1
5366,894,2
5367,894,3
5368,894,4
5369,894,5
5370,895,0
5371,895,1
5372,895,2
5373,895,3
5374,895,4
5375,895,5
5376,896,0
5377,896,1
5378,896,2
5379,896,3
5380,896,4
5381,896,5
5382,897,0
5383,897,1
5384,897,2
5385,897,3
5386,897,4
5387,897,5
5388,898,0
5389,898,1
5390,898,2
5391,898,3
5392,898,4
5393,898,5
5394,899,0
5395,899,1
5396,899,2
5397,899,3
5398,899,4
5399,899,5
5400,900,0
5401,900,1
5402,900,2
5403,900,3
5404,900,4
5405,900,5
5406,901,0
5407,901,1
5408,901,2
5409,901,3
5410,901,4
5411,901,5
5412,902,0
5413,902,1
5414,902,2
5415,902,3
5416,902,4
5417,902,5
5418,903,0
5419,903,1
5420,903,2
5421,903,3
5422,903,4
5423,903,5
5424,904,0
5425,904,1
5426,904,2
5427,904,3
5428,904,4
5429,904,5
5430,905,0
5431,905,1
5432,905,2
5433,905,3
5434,905,4
5435,905,5
5436,906,0
5437,906,1
5438,906,2
5439,906,3
5440,906,4
5441,906,5
5442,907,0
5443,907,1
5444,907,2
5445,907,3
5446,907,4
5447,907,5
5448,908,0
5449,908,1
5450,908,2
5451,908,3
5452,908,4
5453,908,5
5454,909,0
5455,909,1
5456,909,2
5457,909,3
5458,909,4
5459,909,5
5460,910,0
5461,910,1
5462,910,2
5463,910,3
5464,910,4
5465,910,5
5466,911,0
5467,911,1
5468,911,2
5469,911,3
5470,911,4
5471,911,5
5472,912,0
5473,912,1
5474,912,2
5475,912,3
5476,912,4
5477,912,5
5478,913,0
5479,913,1
5480,913,2
5481,913,3
5482,913,4
5483,913,5
5484,914,0
5485,914,1
5486,914,2
5487,914,3
5488,914,4
5489,914,5
5490,915,0
5491,915,1
5492,915,2
5493,915,3
5494,915,4
5495,915,5
5496,916,0
5497,916,1
5498,916,2
5499,916,3
5500,916,4
5501,916,5
5502,917,0
5503,917,1
5504,917,2
5505,917,3
5506,917,4
5507,917,5
5508,918,0
5509,918,1
5510,918,2
5511,918,3
5512,918,4
5513,918,5
5514,919,0
5515,919,1
5516,919,2
5517,919,3
5518,919,4
5519,919,5
5520,920,0
5521,920,1
5522,920,2
5523,920,3
5524,920,4
5525,920,5
5526,921,0
5527,921,1
5528,921,2
5529,921,3
5530,921,4
5531,921,5
5532,922,0
5533,922,1
5534,922,2
5535,922,3
5536,922,4
5537,922,5
5538,923,0
5539,923,1
5540,923,2
5541,923,3
5542,923,4
5543,923,5
5544,924,0
5545,924,1
5546,924,2
5547,924,3
5548,924,4
5549,924,5
5550,925,0
5551,925,1
5552,925,2
5553,925,3
5554,925,4
5555,925,5
5556,926,0
5557,926,1
5558,926,2
5559,926,3
5560,926,4
5561,926,5
5562,927,0
5563,927,1
5564,927,2
5565,927,3
5566,927,4
5567,927,5
5568,928,0
5569,928,1
5570,928,2
5571,928,3
5572,928,4
5573,928,5
5574,929,0
5575,929,1
5576,929,2
5577,929,3
5578,929,4
5579,929,5
5580,930,0
5581,930,1
5582,930,2
5583,930,3
5584,930,4
5585,930,5
5586,931,0
5587,931,1
5588,931,2
5589,931,3
5590,931,4
5591,931,5
5592,932,0
5593,932,1
5594,932,2
5595,932,3
5596,932,4
5597,932,5
5598,933,0
5599,933,1
5600,933,2
5601,933,3
5602,933,4
5603,933,5
5604,934,0
5605,934,1
5606,934,2
5607,934,3
5608,934,4
5609,934,5
5610,935,0
5611,935,1
5612,935,2
5613,935,3
5614,935,4
5615,935,5
5616,936,0
5617,936,1
5618,936,2
5619,936,3
5620,936,4
5621,936,5
5622,937,0
5623,937,1
5624,937,2
5625,937,3
5626,937,4
5627,937,5
5628,938,0
5629,938,1
5630,938,2
5631,938,3
5632,938,4
5633,938,5
5634,939,0
5635,939,1
5636,939,2
5637,939,3
5638,939,4
5639,939,5
5640,940,0
5641,940,1
5642,940,2
5643,940,3
5644,940,4
5645,940,5
5646,941,0
5647,941,1
5648,941,2
5649,941,3
5650,941,4
5651,941,5
5652,942,0
5653,942,1
5654,942,2
5655,942,3
5656,942,4
5657,942,5
5658,943,0
5659,943,1
5660,943,2
5661,943,3
5662,943,4
5663,943,5
5664,944,0
5665,944,1
5666,944,2
5667,944,3
5668,944,4
5669,944,5
5670,945,0
5671,945,1
5672,945,2
5673,945,3
5674,945,4
5675,945,5
5676,946,0
5677,946,1
5678,946,2
5679,946,3
5680,946,4
5681,946,5
5682,947,0
5683,947,1
5684,947,2
5685,947,3
5686,947,4
5687,947,5
5688,948,0
5689,948,1
5690,948,2
5691,948,3
5692,948,4
5693,948,5
5694,949,0
5695,949,1
5696,949,2
5697,949,3
5698,949,4
5699,949,5
5700,950,0
5701,950,1
5702,950,2
5703,950,3
5704,950,4
5705,950,5
5706,951,0
5707,951,1
5708,951,2
5709,951,3
5710,951,4
5711,951,5
5712,952,0
5713,952,1
5714,952,2
5715,952,3
5716,952,4
5717,952,5
5718,953,0
5719,953,1
5720,953,2
5721,953,3
5722,953,4
5723,953,5
5724,954,0
5725,954,1
5726,954,2
5727,954,3
5728,954,4
5729,954,5
5730,955,0
5731,955,1
5732,955,2
5733,955,3
5734,955,4
5735,955,5
5736,956,0
5737,956,1
5738,956,2
5739,956,3
5740,956,4
5741,956,5
5742,957,0
5743,957,1
5744,957,2
5745,957,3
5746,957,4
5747,957,5
5748,958,0
5749,958,1
5750,958,2
5751,958,3
5752,958,4
5753,958,5
5754,959,0
5755,959,1
5756,959,2
5757,959,3
5758,959,4
5759,959,5
5760,960,0
5761,960,1
5762,960,2
5763,960,3
5764,960,4
5765,960,5
5766,961,0
5767,961,1
5768,961,2
5769,961,3
5770,961,4
5771,961,5
5772,962,0
5773,962,1
5774,962,2
5775,962,3
5776,962,4
5777,962,5
5778,963,0
5779,963,1
5780,963,2
5781,963,3
5782,963,4
5783,963,5
5784,964,0
5785,964,1
5786,964,2
5787,964,3
5788,964,4
5789,964,5
5790,965,0
5791,965,1
5792,965,2
5793,965,3
5794,965,4
5795,965,5
5796,966,0
5797,966,1
5798,966,2
5799,966,3
5800,966,4
5801,966,5
5802,967,0
5803,967,1
5804,967,2
5805,967,3
5806,967,4
5807,967,5
5808,968,0
5809,968,1
5810,968,2
5811,968,3
5812,968,4
5813,968,5
5814,969,0
5815,969,1
5816,969,2
5817,969,3
5818,969,4
5819,969,5
5820,970,0
5821,970,1
5822,970,2
5823,970,3
5824,970,4
5825,970,5
5826,971,0
5827,971,1
5828,971,2
5829,971,3
5830,971,4
5831,971,5
5832,972,0
5833,972,1
5834,972,2
5835,972,3
5836,972,4
5837,972,5
5838,973,0
5839,973,1
5840,973,2
5841,973,3
5842,973,4
5843,973,5
5844,974,0
5845,974,1
5846,974,2
5847,974,3
5848,974,4
5849,974,5
5850,975,0
5851,975,1
5852,975,2
5853,975,3
5854,975,4
5855,975,5
5856,976,0
5857,976,1
5858,976,2
5859,976,3
5860,976,4
5861,976,5
5862,977,0
5863,977,1
5864,977,2
5865,977,3
5866,977,4
5867,977,5
5868,978,0
5869,978,1
5870,978,2
5871,978,3
5872,978,4
5873,978,5
5874,979,0
5875,979,1
5876,979,2
5877,979,3
5878,979,4
5879,979,5
5880,980,0
5881,980,1
5882,980,2
5883,980,3
5884,980,4
5885,980,5
5886,981,0
5887,981,1
5888,981,2
5889,981,3
5890,981,4
5891,981,5
5892,982,0
5893,982,1
5894,982,2
5895,982,3
5896,982,4
5897,982,5
5898,983,0
5899,983,1
5900,983,2
5901,983,3
5902,983,4
5903,983,5
5904,984,0
5905,984,1
5906,984,2
5907,984,3
5908,984,4
5909,984,5
5910,985,0
5911,985,1
5912,985,2
5913,985,3
5914,985,4
5915,985,5
5916,986,0
5917,986,1
5918,986,2
5919,986,3
5920,986,4
5921,986,5
5922,987,0
5923,987,1
5924,987,2
5925,987,3
5926,987,4
5927,987,5
5928,988,0
5929,988,1
5930,988,2
5931,988,3
5932,988,4
5933,988,5
5934,989,0
5935,989,1
5936,989,2
5937,989,3
5938,989,4
5939,989,5
5940,990,0
5941,990,1
5942,990,2
5943,990,3
5944,990,4
5945,990,5
5946,991,0
5947,991,1
5948,991,2
5949,991,3
5950,991,4
5951,991,5
5952,992,0
5953,992,1
5954,992,2
5955,992,3
5956,992,4
5957,992,5
5958,993,0
5959,993,1
5960,993,2
5961,993,3
5962,993,4
5963,993,5
5964,994,0
5965,994,1
5966,994,2
5967,994,3
5968,994,4
5969,994,5
5970,995,0
5971,995,1
5972,995,2
5973,995,3
5974,995,4
5975,995,5
5976,996,0
5977,996,1
5978,996,2
5979,996,3
5980,996,4
5981,996,5
5982,997,0
5983,997,1
5984,997,2
5985,997,3
5986,997,4
5987,997,5
5988,998,0
5989,998,1
5990,998,2
5991,998,3
5992,998,4
5993,998,5
5994,999,0
5995,999,1
5996,999,2
5997,999,3
5998,999,4
5999,999,5
6000,1000,0
6001,1000,1
6002,1000,2
6003,1000,3
6004,1000,4
6005,1000,5
6006,1001,0
6007,1001,1
6008,1001,2
6009,1001,3
6010,1001,4
6011,1001,5
6012,1002,0
6013,1002,1
6014,1002,2
6015,1002,3
6016,1002,4
6017,1002,5
6018,1003,0
6019,1003,1
6020,1003,2
6021,1003,3
6022,1003,4
6023,1003,5
6024,1004,0
6025,1004,1
6026,1004,2
6027,1004,3
6028,1004,4
6029,1004,5
6030,1005,0
6031,1005,1
6032,1005,2
6033,1005,3
6034,1005,4
6035,1005,5
6036,1006,0
6037,1006,1
6038,1006,2
6039,1006,3
6040,1006,4
6041,1006,5
6042,1007,0
6043,1007,1
6044,1007,2
6045,1007,3
6046,1007,4
6047,1007,5
6048,1008,0
6049,1008,1
6050,1008,2
6051,1008,3
6052,1008,4
6053,1008,5
6054,1009,0
6055,1009,1
6056,1009,2
6057,1009,3
6058,1009,4
6059,1009,5
6060,1010,0
6061,1010,1
6062,1010,2
6063,1010,3
6064,1010,4
6065,1010,5
6066,1011,0
6067,1011,1
6068,1011,2
6069,1011,3
6070,1011,4
6071,1011,5
6072,1012,0
6073,1012,1
6074,1012,2
6075,1012,3
6076,1012,4
6077,1012,5
6078,1013,0
6079,1013,1
6080,1013,2
6081,1013,3
6082,1013,4
6083,1013,5
6084,1014,0
6085,1014,1
6086,1014,2
6087,1014,3
6088,1014,4
6089,1014,5
6090,1015,0
6091,1015,1
6092,1015,2
6093,1015,3
6094,1015,4
6095,1015,5
6096,1016,0
6097,1016,1
6098,1016,2
6099,1016,3
6100,1016,4
6101,1016,5
6102,1017,0
6103,1017,1
6104,1017,2
6105,1017,3
6106,1017,4
6107,1017,5
6108,1018,0
6109,1018,1
6110,1018,2
6111,1018,3
6112,1018,4
6113,1018,5
6114,1019,0
6115,1019,1
6116,1019,2
6117,1019,3
6118,1019,4
6119,1019,5
6120,1020,0
6121,1020,1
6122,1020,2
6123,1020,3
6124,1020,4
6125,1020,5
6126,1021,0
6127,1021,1
6128,1021,2
6129,1021,3
6130,1021,4
6131,1021,5
6132,1022,0
6133,1022,1
6134,1022,2
6135,1022,3
6136,1022,4
6137,1022,5
6138,1023,0
6139,1023,1
6140,1023,2
6141,1023,3
6142,1023,4
6143,1023,5
6144,1024,0
6145,1024,1
6146,1024,2
6147,1024,3
6148,1024,4
6149,1024,5
6150,1025,0
6151,1025,1
6152,1025,2
6153,1025,3
6154,1025,4
6155,1025,5
6156,1026,0
6157,1026,1
6158,1026,2
6159,1026,3
6160,1026,4
6161,1026,5
6162,1027,0
6163,1027,1
6164,1027,2
6165,1027,3
6166,1027,4
6167,1027,5
6168,1028,0
6169,1028,1
6170,1028,2
6171,1028,3
6172,1028,4
6173,1028,5
6174,1029,0
6175,1029,1
6176,1029,2
6177,1029,3
6178,1029,4
6179,1029,5
6180,1030,0
6181,1030,1
6182,1030,2
6183,1030,3
6184,1030,4
6185,1030,5
6186,1031,0
6187,1031,1
6188,1031,2
6189,1031,3
6190,1031,4
6191,1031,5
6192,1032,0
6193,1032,1
6194,1032,2
6195,1032,3
6196,1032,4
6197,1032,5
6198,1033,0
6199,1033,1
6200,1033,2
6201,1033,3
6202,1033,4
6203,1033,5
6204,1034,0
6205,1034,1
6206,1034,2
6207,1034,3
6208,1034,4
6209,1034,5
6210,1035,0
6211,1035,1
6212,1035,2
6213,1035,3
6214,1035,4
6215,1035,5
6216,1036,0
6217,1036,1
6218,1036,2
6219,1036,3
6220,1036,4
6221,1036,5
6222,1037,0
6223,1037,1
6224,1037,2
6225,1037,3
6226,1037,4
6227,1037,5
6228,1038,0
6229,1038,1
6230,1038,2
6231,1038,3
6232,1038,4
6233,1038,5
6234,1039,0
6235,1039,1
6236,1039,2
6237,1039,3
6238,1039,4
6239,1039,5
6240,1040,0
6241,1040,1
6242,1040,2
6243,1040,3
6244,1040,4
6245,1040,5
6246,1041,0
6247,1041,1
6248,1041,2
6249,1041,3
6250,1041,4
6251,1041,5
6252,1042,0
6253,1042,1
6254,1042,2
6255,1042,3
6256,1042,4
6257,1042,5
6258,1043,0
6259,1043,1
6260,1043,2
6261,1043,3
6262,1043,4
6263,1043,5
6264,1044,0
6265,1044,1
6266,1044,2
6267,1044,3
6268,1044,4
6269,1044,5
6270,1045,0
6271,1045,1
6272,1045,2
6273,1045,3
6274,1045,4
6275,1045,5
6276,1046,0
6277,1046,1
6278,1046,2
6279,1046,3
6280,1046,4
6281,1046,5
6282,1047,0
6283,1047,1
6284,1047,2
6285,1047,3
6286,1047,4
6287,1047,5
6288,1048,0
6289,1048,1
6290,1048,2
6291,1048,3
6292,1048,4
6293,1048,5
6294,1049,0
6295,1049,1
6296,1049,2
6297,1049,3
6298,1049,4
6299,1049,5
6300,1050,0
6301,1050,1
6302,1050,2
6303,1050,3
6304,1050,4
6305,1050,5
6306,1051,0
6307,1051,1
6308,1051,2
6309,1051,3
6310,1051,4
6311,1051,5
6312,1052,0
6313,1052,1
6314,1052,2
6315,1052,3
6316,1052,4
6317,1052,5
6318,1053,0
6319,1053,1
6320,1053,2
6321,1053,3
6322,1053,4
6323,1053,5
6324,1054,0
6325,1054,1
6326,1054,2
6327,1054,3
6328,1054,4
6329,1054,5
6330,1055,0
6331,1055,1
6332,1055,2
6333,1055,3
6334,1055,4
6335,1055,5
6336,1056,0
6337,1056,1
6338,1056,2
6339,1056,3
6340,1056,4
6341,1056,5
6342,1057,0
6343,1057,1
6344,1057,2
6345,1057,3
6346,1057,4
6347,1057,5
6348,1058,0
6349,1058,1
6350,1058,2
6351,1058,3
6352,1058,4
6353,1058,5
6354,1059,0
6355,1059,1
6356,1059,2
6357,1059,3
6358,1059,4
6359,1059,5
6360,1060,0
6361,1060,1
6362,1060,2
6363,1060,3
6364,1060,4
6365,1060,5
6366,1061,0
6367,1061,1
6368,1061,2
6369,1061,3
6370,1061,4
6371,1061,5
6372,1062,0
6373,1062,1
6374,1062,2
6375,1062,3
6376,1062,4
6377,1062,5
6378,1063,0
6379,1063,1
6380,1063,2
6381,1063,3
6382,1063,4
6383,1063,5
6384,1064,0
6385,1064,1
6386,1064,2
6387,1064,3
6388,1064,4
6389,1064,5
6390,1065,0
6391,1065,1
6392,1065,2
6393,1065,3
6394,1065,4
6395,1065,5
6396,1066,0
6397,1066,1
6398,1066,2
6399,1066,3
6400,1066,4
6401,1066,5
6402,1067,0
6403,1067,1
6404,1067,2
6405,1067,3
6406,1067,4
6407,1067,5
6408,1068,0
6409,1068,1
6410,1068,2
6411,1068,3
6412,1068,4
6413,1068,5
6414,1069,0
6415,1069,1
6416,1069,2
6417,1069,3
6418,1069,4
6419,1069,5
6420,1070,0
6421,1070,1
6422,1070,2
6423,1070,3
6424,1070,4
6425,1070,5
6426,1071,0
6427,1071,1
6428,1071,2
6429,1071,3
6430,1071,4
6431,1071,5
6432,1072,0
6433,1072,1
6434,1072,2
6435,1072,3
6436,1072,4
6437,1072,5
6438,1073,0
6439,1073,1
6440,1073,2
6441,1073,3
6442,1073,4
6443,1073,5
6444,1074,0
6445,1074,1
6446,1074,2
6447,1074,3
6448,1074,4
6449,1074,5
6450,1075,0
6451,1075,1
6452,1075,2
6453,1075,3
6454,1075,4
6455,1075,5
6456,1076,0
6457,1076,1
6458,1076,2
6459,1076,3
6460,1076,4
6461,1076,5
6462,1077,0
6463,1077,1
6464,1077,2
6465,1077,3
6466,1077,4
6467,1077,5
6468,1078,0
6469,1078,1
6470,1078,2
6471,1078,3
6472,1078,4
6473,1078,5
6474,1079,0
6475,1079,1
6476,1079,2
6477,1079,3
6478,1079,4
6479,1079,5
6480,1080,0
6481,1080,1
6482,1080,2
6483,1080,3
6484,1080,4
6485,1080,5
6486,1081,0
6487,1081,1
6488,1081,2
6489,1081,3
6490,1081,4
6491,1081,5
6492,1082,0
6493,1082,1
6494,1082,2
6495,1082,3
6496,1082,4
6497,1082,5
6498,1083,0
6499,1083,1
6500,1083,2
6501,1083,3
6502,1083,4
6503,1083,5
6504,1084,0
6505,1084,1
6506,1084,2
6507,1084,3
6508,1084,4
6509,1084,5
6510,1085,0
6511,1085,1
6512,1085,2
6513,1085,3
6514,1085,4
6515,1085,5
6516,1086,0
6517,1086,1
6518,1086,2
6519,1086,3
6520,1086,4
6521,1086,5
6522,1087,0
6523,1087,1
6524,1087,2
6525,1087,3
6526,1087,4
6527,1087,5
6528,1088,0
6529,1088,1
6530,1088,2
6531,1088,3
6532,1088,4
6533,1088,5
6534,1089,0
6535,1089,1
6536,1089,2
6537,1089,3
6538,1089,4
6539,1089,5
6540,1090,0
6541,1090,1
6542,1090,2
6543,1090,3
6544,1090,4
6545,1090,5
6546,1091,0
6547,1091,1
6548,1091,2
6549,1091,3
6550,1091,4
6551,1091,5
6552,1092,0
6553,1092,1
6554,1092,2
6555,1092,3
6556,1092,4
6557,1092,5
6558,1093,0
6559,1093,1
6560,1093,2
6561,1093,3
6562,1093,4
6563,1093,5
6564,1094,0
6565,1094,1
6566,1094,2
6567,1094,3
6568,1094,4
6569,1094,5
6570,1095,0
6571,1095,1
6572,1095,2
6573,1095,3
6574,1095,4
6575,1095,5
6576,1096,0
6577,1096,1
6578,1096,2
6579,1096,3
6580,1096,4
6581,1096,5
6582,1097,0
6583,1097,1
6584,1097,2
6585,1097,3
6586,1097,4
6587,1097,5
6588,1098,0
6589,1098,1
6590,1098,2
6591,1098,3
6592,1098,4
6593,1098,5
6594,1099,0
6595,1099,1
6596,1099,2
6597,1099,3
6598,1099,4
6599,1099,5
6600,1100,0
6601,1100,1
6602,1100,2
6603,1100,3
6604,1100,4
6605,1100,5
6606,1101,0
6607,1101,1
6608,1101,2
6609,1101,3
6610,1101,4
6611,1101,5
6612,1102,0
6613,1102,1
6614,1102,2
6615,1102,3
6616,1102,4
6617,1102,5
6618,1103,0
6619,1103,1
6620,1103,2
6621,1103,3
6622,1103,4
6623,1103,5
6624,1104,0
6625,1104,1
6626,1104,2
6627,1104,3
6628,1104,4
6629,1104,5
6630,1105,0
6631,1105,1
6632,1105,2
6633,1105,3
6634,1105,4
6635,1105,5
6636,1106,0
6637,1106,1
6638,1106,2
6639,1106,3
6640,1106,4
6641,1106,5
6642,1107,0
6643,1107,1
6644,1107,2
6645,1107,3
6646,1107,4
6647,1107,5
6648,1108,0
6649,1108,1
6650,1108,2
6651,1108,3
6652,1108,4
6653,1108,5
6654,1109,0
6655,1109,1
6656,1109,2
6657,1109,3
6658,1109,4
6659,1109,5
6660,1110,0
6661,1110,1
6662,1110,2
6663,1110,3
6664,1110,4
6665,1110,5
6666,1111,0
6667,1111,1
6668,1111,2
6669,1111,3
6670,1111,4
6671,1111,5
6672,1112,0
6673,1112,1
6674,1112,2
6675,1112,3
6676,1112,4
6677,1112,5
6678,1113,0
6679,1113,1
6680,1113,2
6681,1113,3
6682,1113,4
6683,1113,5
6684,1114,0
6685,1114,1
6686,1114,2
6687,1114,3
6688,1114,4
6689,1114,5
6690,1115,0
6691,1115,1
6692,1115,2
6693,1115,3
6694,1115,4
6695,1115,5
6696,1116,0
6697,1116,1
6698,1116,2
6699,1116,3
6700,1116,4
6701,1116,5
6702,1117,0
6703,1117,1
6704,1117,2
6705,1117,3
6706,1117,4
6707,1117,5
6708,1118,0
6709,1118,1
6710,1118,2
6711,1118,3
6712,1118,4
6713,1118,5
6714,1119,0
6715,1119,1
6716,1119,2
6717,1119,3
6718,1119,4
6719,1119,5
6720,1120,0
6721,1120,1
6722,1120,2
6723,1120,3
6724,1120,4
6725,1120,5
6726,1121,0
6727,1121,1
6728,1121,2
6729,1121,3
6730,1121,4
6731,1121,5
6732,1122,0
6733,1122,1
6734,1122,2
6735,1122,3
6736,1122,4
6737,1122,5
6738,1123,0
6739,1123,1
6740,1123,2
6741,1123,3
6742,1123,4
6743,1123,5
6744,1124,0
6745,1124,1
6746,1124,2
6747,1124,3
6748,1124,4
6749,1124,5
6750,1125,0
6751,1125,1
6752,1125,2
6753,1125,3
6754,1125,4
6755,1125,5
6756,1126,0
6757,1126,1
6758,1126,2
6759,1126,3
6760,1126,4
6761,1126,5
6762,1127,0
6763,1127,1
6764,1127,2
6765,1127,3
6766,1127,4
6767,1127,5
6768,1128,0
6769,1128,1
6770,1128,2
6771,1128,3
6772,1128,4
6773,1128,5
6774,1129,0
6775,1129,1
6776,1129,2
6777,1129,3
6778,1129,4
6779,1129,5
6780,1130,0
6781,1130,1
6782,1130,2
6783,1130,3
6784,1130,4
6785,1130,5
6786,1131,0
6787,1131,1
6788,1131,2
6789,1131,3
6790,1131,4
6791,1131,5
6792,1132,0
6793,1132,1
6794,1132,2
6795,1132,3
6796,1132,4
6797,1132,5
6798,1133,0
6799,1133,1
6800,1133,2
6801,1133,3
6802,1133,4
6803,1133,5
6804,1134,0
6805,1134,1
6806,1134,2
6807,1134,3
6808,1134,4
6809,1134,5
6810,1135,0
6811,1135,1
6812,1135,2
6813,1135,3
6814,1135,4
6815,1135,5
6816,1136,0
6817,1136,1
6818,1136,2
6819,1136,3
6820,1136,4
6821,1136,5
6822,1137,0
6823,1137,1
6824,1137,2
6825,1137,3
6826,1137,4
6827,1137,5
6828,1138,0
6829,1138,1
6830,1138,2
6831,1138,3
6832,1138,4
6833,1138,5
6834,1139,0
6835,1139,1
6836,1139,2
6837,1139,3
6838,1139,4
6839,1139,5
6840,1140,0
6841,1140,1
6842,1140,2
6843,1140,3
6844,1140,4
6845,1140,5
6846,1141,0
6847,1141,1
6848,1141,2
6849,1141,3
6850,1141,4
6851,1141,5
6852,1142,0
6853,1142,1
6854,1142,2
6855,1142,3
6856,1142,4
6857,1142,5
6858,1143,0
6859,1143,1
6860,1143,2
6861,1143,3
6862,1143,4
6863,1143,5
6864,1144,0
6865,1144,1
6866,1144,2
6867,1144,3
6868,1144,4
6869,1144,5
6870,1145,0
6871,1145,1
6872,1145,2
6873,1145,3
6874,1145,4
6875,1145,5
6876,1146,0
6877,1146,1
6878,1146,2
6879,1146,3
6880,1146,4
6881,1146,5
6882,1147,0
6883,1147,1
6884,1147,2
6885,1147,3
6886,1147,4
6887,1147,5
6888,1148,0
6889,1148,1
6890,1148,2
6891,1148,3
6892,1148,4
6893,1148,5
6894,1149,0
6895,1149,1
6896,1149,2
6897,1149,3
6898,1149,4
6899,1149,5
6900,1150,0
6901,1150,1
6902,1150,2
6903,1150,3
6904,1150,4
6905,1150,5
6906,1151,0
6907,1151,1
6908,1151,2
6909,1151,3
6910,1151,4
6911,1151,5
6912,1152,0
6913,1152,1
6914,1152,2
6915,1152,3
6916,1152,4
6917,1152,5
6918,1153,0
6919,1153,1
6920,1153,2
6921,1153,3
6922,1153,4
6923,1153,5
6924,1154,0
6925,1154,1
6926,1154,2
6927,1154,3
6928,1154,4
6929,1154,5
6930,1155,0
6931,1155,1
6932,1155,2
6933,1155,3
6934,1155,4
6935,1155,5
6936,1156,0
6937,1156,1
6938,1156,2
6939,1156,3
6940,1156,4
6941,1156,5
6942,1157,0
6943,1157,1
6944,1157,2
6945,1157,3
6946,1157,4
6947,1157,5
6948,1158,0
6949,1158,1
6950,1158,2
6951,1158,3
6952,1158,4
6953,1158,5
6954,1159,0
6955,1159,1
6956,1159,2
6957,1159,3
6958,1159,4
6959,1159,5
6960,1160,0
6961,1160,1
6962,1160,2
6963,1160,3
6964,1160,4
6965,1160,5
6966,1161,0
6967,1161,1
6968,1161,2
6969,1161,3
6970,1161,4
6971,1161,5
6972,1162,0
6973,1162,1
6974,1162,2
6975,1162,3
6976,1162,4
6977,1162,5
6978,1163,0
6979,1163,1
6980,1163,2
6981,1163,3
6982,1163,4
6983,1163,5
6984,1164,0
6985,1164,1
6986,1164,2
6987,1164,3
6988,1164,4
6989,1164,5
6990,1165,0
6991,1165,1
6992,1165,2
6993,1165,3
6994,1165,4
6995,1165,5
6996,1166,0
6997,1166,1
6998,1166,2
6999,1166,3
7000,1166,4
7001,1166,5
7002,1167,0
7003,1167,1
7004,1167,2
7005,1167,3
7006,1167,4
7007,1167,5
7008,1168,0
7009,1168,1
7010,1168,2
7011,1168,3
7012,1168,4
7013,1168,5
7014,1169,0
7015,1169,1
7016,1169,2
7017,1169,3
7018,1169,4
7019,1169,5
7020,1170,0
7021,1170,1
7022,1170,2
7023,1170,3
7024,1170,4
7025,1170,5
7026,1171,0
7027,1171,1
7028,1171,2
7029,1171,3
7030,1171,4
7031,1171,5
7032,1172,0
7033,1172,1
7034,1172,2
7035,1172,3
7036,1172,4
7037,1172,5
7038,1173,0
7039,1173,1
7040,1173,2
7041,1173,3
7042,1173,4
7043,1173,5
7044,1174,0
7045,1174,1
7046,1174,2
7047,1174,3
7048,1174,4
7049,1174,5
7050,1175,0
7051,1175,1
7052,1175,2
7053,1175,3
7054,1175,4
7055,1175,5
7056,1176,0
7057,1176,1
7058,1176,2
7059,1176,3
7060,1176,4
7061,1176,5
7062,1177,0
7063,1177,1
7064,1177,2
7065,1177,3
7066,1177,4
7067,1177,5
7068,1178,0
7069,1178,1
7070,1178,2
7071,1178,3
7072,1178,4
7073,1178,5
7074,1179,0
7075,1179,1
7076,1179,2
7077,1179,3
7078,1179,4
7079,1179,5
7080,1180,0
7081,1180,1
7082,1180,2
7083,1180,3
7084,1180,4
7085,1180,5
7086,1181,0
7087,1181,1
7088,1181,2
7089,1181,3
7090,1181,4
7091,1181,5
7092,1182,0
7093,1182,1
7094,1182,2
7095,1182,3
7096,1182,4
7097,1182,5
7098,1183,0
7099,1183,1
7100,1183,2
7101,1183,3
7102,1183,4
7103,1183,5
7104,1184,0
7105,1184,1
7106,1184,2
7107,1184,3
7108,1184,4
7109,1184,5
7110,1185,0
7111,1185,1
7112,1185,2
7113,1185,3
7114,1185,4
7115,1185,5
7116,1186,0
7117,1186,1
7118,1186,2
7119,1186,3
7120,1186,4
7121,1186,5
7122,1187,0
7123,1187,1
7124,1187,2
7125,1187,3
7126,1187,4
7127,1187,5
7128,1188,0
7129,1188,1
7130,1188,2
7131,1188,3
7132,1188,4
7133,1188,5
7134,1189,0
7135,1189,1
7136,1189,2
7137,1189,3
7138,1189,4
7139,1189,5
7140,1190,0
7141,1190,1
7142,1190,2
7143,1190,3
7144,1190,4
7145,1190,5
7146,1191,0
7147,1191,1
7148,1191,2
7149,1191,3
7150,1191,4
7151,1191,5
7152,1192,0
7153,1192,1
7154,1192,2
7155,1192,3
7156,1192,4
7157,1192,5
7158,1193,0
7159,1193,1
7160,1193,2
7161,1193,3
7162,1193,4
7163,1193,5
7164,1194,0
7165,1194,1
7166,1194,2
7167,1194,3
7168,1194,4
7169,1194,5
7170,1195,0
7171,1195,1
7172,1195,2
7173,1195,3
7174,1195,4
7175,1195,5
7176,1196,0
7177,1196,1
7178,1196,2
7179,1196,3
7180,1196,4
7181,1196,5
7182,1197,0
7183,1197,1
7184,1197,2
7185,1197,3
7186,1197,4
7187,1197,5
7188,1198,0
7189,1198,1
7190,1198,2
7191,1198,3
7192,1198,4
7193,1198,5
7194,1199,0
7195,1199,1
7196,1199,2
7197,1199,3
7198,1199,4
7199,1199,5
7200,1200,0
7201,1200,1
7202,1200,2
7203,1200,3
7204,1200,4
7205,1200,5
7206,1201,0
7207,1201,1
7208,1201,2
7209,1201,3
7210,1201,4
7211,1201,5
7212,1202,0
7213,1202,1
7214,1202,2
7215,1202,3
7216,1202,4
7217,1202,5
7218,1203,0
7219,1203,1
7220,1203,2
7221,1203,3
7222,1203,4
7223,1203,5
7224,1204,0
7225,1204,1
7226,1204,2
7227,1204,3
7228,1204,4
7229,1204,5
7230,1205,0
7231,1205,1
7232,1205,2
7233,1205,3
7234,1205,4
7235,1205,5
7236,1206,0
7237,1206,1
7238,1206,2
7239,1206,3
7240,1206,4
7241,1206,5
7242,1207,0
7243,1207,1
7244,1207,2
7245,1207,3
7246,1207,4
7247,1207,5
7248,1208,0
7249,1208,1
7250,1208,2
7251,1208,3
7252,1208,4
7253,1208,5
7254,1209,0
7255,1209,1
7256,1209,2
7257,1209,3
7258,1209,4
7259,1209,5
7260,1210,0
7261,1210,1
7262,1210,2
7263,1210,3
7264,1210,4
7265,1210,5
7266,1211,0
7267,1211,1
7268,1211,2
7269,1211,3
7270,1211,4
7271,1211,5
7272,1212,0
7273,1212,1
7274,1212,2
7275,1212,3
7276,1212,4
7277,1212,5
7278,1213,0
7279,1213,1
7280,1213,2
7281,1213,3
7282,1213,4
7283,1213,5
7284,1214,0
7285,1214,1
7286,1214,2
7287,1214,3
7288,1214,4
7289,1214,5
7290,1215,0
7291,1215,1
7292,1215,2
7293,1215,3
7294,1215,4
7295,1215,5
7296,1216,0
7297,1216,1
7298,1216,2
7299,1216,3
7300,1216,4
7301,1216,5
7302,1217,0
7303,1217,1
7304,1217,2
7305,1217,3
7306,1217,4
7307,1217,5
7308,1218,0
7309,1218,1
7310,1218,2
7311,1218,3
7312,1218,4
7313,1218,5
7314,1219,0
7315,1219,1
7316,1219,2
7317,1219,3
7318,1219,4
7319,1219,5
7320,1220,0
7321,1220,1
7322,1220,2
7323,1220,3
7324,1220,4
7325,1220,5
7326,1221,0
7327,1221,1
7328,1221,2
7329,1221,3
7330,1221,4
7331,1221,5
7332,1222,0
7333,1222,1
7334,1222,2
7335,1222,3
7336,1222,4
7337,1222,5
7338,1223,0
7339,1223,1
7340,1223,2
7341,1223,3
7342,1223,4
7343,1223,5
7344,1224,0
7345,1224,1
7346,1224,2
7347,1224,3
7348,1224,4
7349,1224,5
7350,1225,0
7351,1225,1
7352,1225,2
7353,1225,3
7354,1225,4
7355,1225,5
7356,1226,0
7357,1226,1
7358,1226,2
7359,1226,3
7360,1226,4
7361,1226,5
7362,1227,0
7363,1227,1
7364,1227,2
7365,1227,3
7366,1227,4
7367,1227,5
7368,1228,0
7369,1228,1
7370,1228,2
7371,1228,3
7372,1228,4
7373,1228,5
7374,1229,0
7375,1229,1
7376,1229,2
7377,1229,3
7378,1229,4
7379,1229,5
7380,1230,0
7381,1230,1
7382,1230,2
7383,1230,3
7384,1230,4
7385,1230,5
7386,1231,0
7387,1231,1
7388,1231,2
7389,1231,3
7390,1231,4
7391,1231,5
7392,1232,0
7393,1232,1
7394,1232,2
7395,1232,3
7396,1232,4
7397,1232,5
7398,1233,0
7399,1233,1
7400,1233,2
7401,1233,3
7402,1233,4
7403,1233,5
7404,1234,0
7405,1234,1
7406,1234,2
7407,1234,3
7408,1234,4
7409,1234,5
7410,1235,0
7411,1235,1
7412,1235,2
7413,1235,3
7414,1235,4
7415,1235,5
7416,1236,0
7417,1236,1
7418,1236,2
7419,1236,3
7420,1236,4
7421,1236,5
7422,1237,0
7423,1237,1
7424,1237,2
7425,1237,3
7426,1237,4
7427,1237,5
7428,1238,0
7429,1238,1
7430,1238,2
7431,1238,3
7432,1238,4
7433,1238,5
7434,1239,0
7435,1239,1
7436,1239,2
7437,1239,3
7438,1239,4
7439,1239,5
7440,1240,0
7441,1240,1
7442,1240,2
7443,1240,3
7444,1240,4
7445,1240,5
7446,1241,0
7447,1241,1
7448,1241,2
7449,1241,3
7450,1241,4
7451,1241,5
7452,1242,0
7453,1242,1
7454,1242,2
7455,1242,3
7456,1242,4
7457,1242,5
7458,1243,0
7459,1243,1
7460,1243,2
7461,1243,3
7462,1243,4
7463,1243,5
7464,1244,0
7465,1244,1
7466,1244,2
7467,1244,3
7468,1244,4
7469,1244,5
7470,1245,0
7471,1245,1
7472,1245,2
7473,1245,3
7474,1245,4
7475,1245,5
7476,1246,0
7477,1246,1
7478,1246,2
7479,1246,3
7480,1246,4
7481,1246,5
7482,1247,0
7483,1247,1
7484,1247,2
7485,1247,3
7486,1247,4
7487,1247,5
7488,1248,0
7489,1248,1
7490,1248,2
7491,1248,3
7492,1248,4
7493,1248,5
7494,1249,0
7495,1249,1
7496,1249,2
7497,1249,3
7498,1249,4
7499,1249,5
7500,1250,0
7501,1250,1
7502,1250,2
7503,1250,3
7504,1250,4
7505,1250,5
7506,1251,0
7507,1251,1
7508,1251,2
7509,1251,3
7510,1251,4
7511,1251,5
7512,1252,0
7513,1252,1
7514,1252,2
7515,1252,3
7516,1252,4
7517,1252,5
7518,1253,0
7519,1253,1
7520,1253,2
7521,1253,3
7522,1253,4
7523,1253,5
7524,1254,0
7525,1254,1
7526,1254,2
7527,1254,3
7528,1254,4
7529,1254,5
7530,1255,0
7531,1255,1
7532,1255,2
7533,1255,3
7534,1255,4
7535,1255,5
7536,1256,0
7537,1256,1
7538,1256,2
7539,1256,3
7540,1256,4
7541,1256,5
7542,1257,0
7543,1257,1
7544,1257,2
7545,1257,3
7546,1257,4
7547,1257,5
7548,1258,0
7549,1258,1
7550,1258,2
7551,1258,3
7552,1258,4
7553,1258,5
7554,1259,0
7555,1259,1
7556,1259,2
7557,1259,3
7558,1259,4
7559,1259,5
7560,1260,0
7561,1260,1
7562,1260,2
7563,1260,3
7564,1260,4
7565,1260,5
7566,1261,0
7567,1261,1
7568,1261,2
7569,1261,3
7570,1261,4
7571,1261,5
7572,1262,0
7573,1262,1
7574,1262,2
7575,1262,3
7576,1262,4
7577,1262,5
7578,1263,0
7579,1263,1
7580,1263,2
7581,1263,3
7582,1263,4
7583,1263,5
7584,1264,0
7585,1264,1
7586,1264,2
7587,1264,3
7588,1264,4
7589,1264,5
7590,1265,0
7591,1265,1
7592,1265,2
7593,1265,3
7594,1265,4
7595,1265,5
7596,1266,0
7597,1266,1
7598,1266,2
7599,1266,3
7600,1266,4
7601,1266,5
7602,1267,0
7603,1267,1
7604,1267,2
7605,1267,3
7606,1267,4
7607,1267,5
7608,1268,0
7609,1268,1
7610,1268,2
7611,1268,3
7612,1268,4
7613,1268,5
7614,1269,0
7615,1269,1
7616,1269,2
7617,1269,3
7618,1269,4
7619,1269,5
7620,1270,0
7621,1270,1
7622,1270,2
7623,1270,3
7624,1270,4
7625,1270,5
7626,1271,0
7627,1271,1
7628,1271,2
7629,1271,3
7630,1271,4
7631,1271,5
7632,1272,0
7633,1272,1
7634,1272,2
7635,1272,3
7636,1272,4
7637,1272,5
7638,1273,0
7639,1273,1
7640,1273,2
7641,1273,3
7642,1273,4
7643,1273,5
7644,1274,0
7645,1274,1
7646,1274,2
7647,1274,3
7648,1274,4
7649,1274,5
7650,1275,0
7651,1275,1
7652,1275,2
7653,1275,3
7654,1275,4
7655,1275,5
7656,1276,0
7657,1276,1
7658,1276,2
7659,1276,3
7660,1276,4
7661,1276,5
7662,1277,0
7663,1277,1
7664,1277,2
7665,1277,3
7666,1277,4
7667,1277,5
7668,1278,0
7669,1278,1
7670,1278,2
7671,1278,3
7672,1278,4
7673,1278,5
7674,1279,0
7675,1279,1
7676,1279,2
7677,1279,3
7678,1279,4
7679,1279,5
7680,1280,0
7681,1280,1
7682,1280,2
7683,1280,3
7684,1280,4
7685,1280,5
7686,1281,0
7687,1281,1
7688,1281,2
7689,1281,3
7690,1281,4
7691,1281,5
7692,1282,0
7693,1282,1
7694,1282,2
7695,1282,3
7696,1282,4
7697,1282,5
7698,1283,0
7699,1283,1
7700,1283,2
7701,1283,3
7702,1283,4
7703,1283,5
7704,1284,0
7705,1284,1
7706,1284,2
7707,1284,3
7708,1284,4
7709,1284,5
7710,1285,0
7711,1285,1
7712,1285,2
7713,1285,3
7714,1285,4
7715,1285,5
7716,1286,0
7717,1286,1
7718,1286,2
7719,1286,3
7720,1286,4
7721,1286,5
7722,1287,0
7723,1287,1
7724,1287,2
7725,1287,3
7726,1287,4
7727,1287,5
7728,1288,0
7729,1288,1
7730,1288,2
7731,1288,3
7732,1288,4
7733,1288,5
7734,1289,0
7735,1289,1
7736,1289,2
7737,1289,3
7738,1289,4
7739,1289,5
7740,1290,0
7741,1290,1
7742,1290,2
7743,1290,3
7744,1290,4
7745,1290,5
7746,1291,0
7747,1291,1
7748,1291,2
7749,1291,3
7750,1291,4
7751,1291,5
7752,1292,0
7753,1292,1
7754,1292,2
7755,1292,3
7756,1292,4
7757,1292,5
7758,1293,0
7759,1293,1
7760,1293,2
7761,1293,3
7762,1293,4
7763,1293,5
7764,1294,0
7765,1294,1
7766,1294,2
7767,1294,3
7768,1294,4
7769,1294,5
7770,1295,0
7771,1295,1
7772,1295,2
7773,1295,3
7774,1295,4
7775,1295,5
7776,1296,0
7777,1296,1
7778,1296,2
7779,1296,3
7780,1296,4
7781,1296,5
7782,1297,0
7783,1297,1
7784,1297,2
7785,1297,3
7786,1297,4
7787,1297,5
7788,1298,0
7789,1298,1
7790,1298,2
7791,1298,3
7792,1298,4
7793,1298,5
7794,1299,0
7795,1299,1
7796,1299,2
7797,1299,3
7798,1299,4
7799,1299,5
7800,1300,0
7801,1300,1
7802,1300,2
7803,1300,3
7804,1300,4
7805,1300,5
7806,1301,0
7807,1301,1
7808,1301,2
7809,1301,3
7810,1301,4
7811,1301,5
7812,1302,0
7813,1302,1
7814,1302,2
7815,1302,3
7816,1302,4
7817,1302,5
7818,1303,0
7819,1303,1
7820,1303,2
7821,1303,3
7822,1303,4
7823,1303,5
7824,1304,0
7825,1304,1
7826,1304,2
7827,1304,3
7828,1304,4
7829,1304,5
7830,1305,0
7831,1305,1
7832,1305,2
7833,1305,3
7834,1305,4
7835,1305,5
7836,1306,0
7837,1306,1
7838,1306,2
7839,1306,3
7840,1306,4
7841,1306,5
7842,1307,0
7843,1307,1
7844,1307,2
7845,1307,3
7846,1307,4
7847,1307,5
7848,1308,0
7849,1308,1
7850,1308,2
7851,1308,3
7852,1308,4
7853,1308,5
7854,1309,0
7855,1309,1
7856,1309,2
7857,1309,3
7858,1309,4
7859,1309,5
7860,1310,0
7861,1310,1
7862,1310,2
7863,1310,3
7864,1310,4
7865,1310,5
7866,1311,0
7867,1311,1
7868,1311,2
7869,1311,3
7870,1311,4
7871,1311,5
7872,1312,0
7873,1312,1
7874,1312,2
7875,1312,3
7876,1312,4
7877,1312,5
7878,1313,0
7879,1313,1
7880,1313,2
7881,1313,3
7882,1313,4
7883,1313,5
7884,1314,0
7885,1314,1
7886,1314,2
7887,1314,3
7888,1314,4
7889,1314,5
7890,1315,0
7891,1315,1
7892,1315,2
7893,1315,3
7894,1315,4
7895,1315,5
7896,1316,0
7897,1316,1
7898,1316,2
7899,1316,3
7900,1316,4
7901,1316,5
7902,1317,0
7903,1317,1
7904,1317,2
7905,1317,3
7906,1317,4
7907,1317,5
7908,1318,0
7909,1318,1
7910,1318,2
7911,1318,3
7912,1318,4
7913,1318,5
7914,1319,0
7915,1319,1
7916,1319,2
7917,1319,3
7918,1319,4
7919,1319,5
7920,1320,0
7921,1320,1
7922,1320,2
7923,1320,3
7924,1320,4
7925,1320,5
7926,1321,0
7927,1321,1
7928,1321,2
7929,1321,3
7930,1321,4
7931,1321,5
7932,1322,0
7933,1322,1
7934,1322,2
7935,1322,3
7936,1322,4
7937,1322,5
7938,1323,0
7939,1323,1
7940,1323,2
7941,1323,3
7942,1323,4
7943,1323,5
7944,1324,0
7945,1324,1
7946,1324,2
7947,1324,3
7948,1324,4
7949,1324,5
7950,1325,0
7951,1325,1
7952,1325,2
7953,1325,3
7954,1325,4
7955,1325,5
7956,1326,0
7957,1326,1
7958,1326,2
7959,1326,3
7960,1326,4
7961,1326,5
7962,1327,0
7963,1327,1
7964,1327,2
7965,1327,3
7966,1327,4
7967,1327,5
7968,1328,0
7969,1328,1
7970,1328,2
7971,1328,3
7972,1328,4
7973,1328,5
7974,1329,0
7975,1329,1
7976,1329,2
7977,1329,3
7978,1329,4
7979,1329,5
7980,1330,0
7981,1330,1
7982,1330,2
7983,1330,3
7984,1330,4
7985,1330,5
7986,1331,0
7987,1331,1
7988,1331,2
7989,1331,3
7990,1331,4
7991,1331,5
7992,1332,0
7993,1332,1
7994,1332,2
7995,1332,3
7996,1332,4
7997,1332,5
7998,1333,0
7999,1333,1
8000,1333,2
8001,1333,3
8002,1333,4
8003,1333,5
8004,1334,0
8005,1334,1
8006,1334,2
8007,1334,3
8008,1334,4
8009,1334,5
8010,1335,0
8011,1335,1
8012,1335,2
8013,1335,3
8014,1335,4
8015,1335,5
8016,1336,0
8017,1336,1
8018,1336,2
8019,1336,3
8020,1336,4
8021,1336,5
8022,1337,0
8023,1337,1
8024,1337,2
8025,1337,3
8026,1337,4
8027,1337,5
8028,1338,0
8029,1338,1
8030,1338,2
8031,1338,3
8032,1338,4
8033,1338,5
8034,1339,0
8035,1339,1
8036,1339,2
8037,1339,3
8038,1339,4
8039,1339,5
8040,1340,0
8041,1340,1
8042,1340,2
8043,1340,3
8044,1340,4
8045,1340,5
8046,1341,0
8047,1341,1
8048,1341,2
8049,1341,3
8050,1341,4
8051,1341,5
8052,1342,0
8053,1342,1
8054,1342,2
8055,1342,3
8056,1342,4
8057,1342,5
8058,1343,0
8059,1343,1
8060,1343,2
8061,1343,3
8062,1343,4
8063,1343,5
8064,1344,0
8065,1344,1
8066,1344,2
8067,1344,3
8068,1344,4
8069,1344,5
8070,1345,0
8071,1345,1
8072,1345,2
8073,1345,3
8074,1345,4
8075,1345,5
8076,1346,0
8077,1346,1
8078,1346,2
8079,1346,3
8080,1346,4
8081,1346,5
8082,1347,0
8083,1347,1
8084,1347,2
8085,1347,3
8086,1347,4
8087,1347,5
8088,1348,0
8089,1348,1
8090,1348,2
8091,1348,3
8092,1348,4
8093,1348,5
8094,1349,0
8095,1349,1
8096,1349,2
8097,1349,3
8098,1349,4
8099,1349,5
8100,1350,0
8101,1350,1
8102,1350,2
8103,1350,3
8104,1350,4
8105,1350,5
8106,1351,0
8107,1351,1
8108,1351,2
8109,1351,3
8110,1351,4
8111,1351,5
8112,1352,0
8113,1352,1
8114,1352,2
8115,1352,3
8116,1352,4
8117,1352,5
8118,1353,0
8119,1353,1
8120,1353,2
8121,1353,3
8122,1353,4
8123,1353,5
8124,1354,0
8125,1354,1
8126,1354,2
8127,1354,3
8128,1354,4
8129,1354,5
8130,1355,0
8131,1355,1
8132,1355,2
8133,1355,3
8134,1355,4
8135,1355,5
8136,1356,0
8137,1356,1
8138,1356,2
8139,1356,3
8140,1356,4
8141,1356,5
8142,1357,0
8143,1357,1
8144,1357,2
8145,1357,3
8146,1357,4
8147,1357,5
8148,1358,0
8149,1358,1
8150,1358,2
8151,1358,3
8152,1358,4
8153,1358,5
8154,1359,0
8155,1359,1
8156,1359,2
8157,1359,3
8158,1359,4
8159,1359,5
8160,1360,0
8161,1360,1
8162,1360,2
8163,1360,3
8164,1360,4
8165,1360,5
8166,1361,0
8167,1361,1
8168,1361,2
8169,1361,3
8170,1361,4
8171,1361,5
8172,1362,0
8173,1362,1
8174,1362,2
8175,1362,3
8176,1362,4
8177,1362,5
8178,1363,0
8179,1363,1
8180,1363,2
8181,1363,3
8182,1363,4
8183,1363,5
8184,1364,0
8185,1364,1
8186,1364,2
8187,1364,3
8188,1364,4
8189,1364,5
8190,1365,0
8191,1365,1
8192,1365,2
8193,1365,3
8194,1365,4
8195,1365,5
8196,1366,0
8197,1366,1
8198,1366,2
8199,1366,3
8200,1366,4
8201,1366,5
8202,1367,0
8203,1367,1
8204,1367,2
8205,1367,3
8206,1367,4
8207,1367,5
8208,1368,0
8209,1368,1
8210,1368,2
8211,1368,3
8212,1368,4
8213,1368,5
8214,1369,0
8215,1369,1
8216,1369,2
8217,1369,3
8218,1369,4
8219,1369,5
8220,1370,0
8221,1370,1
8222,1370,2
8223,1370,3
8224,1370,4
8225,1370,5
8226,1371,0
8227,1371,1
8228,1371,2
8229,1371,3
8230,1371,4
8231,1371,5
8232,1372,0
8233,1372,1
8234,1372,2
8235,1372,3
8236,1372,4
8237,1372,5
8238,1373,0
8239,1373,1
8240,1373,2
8241,1373,3
8242,1373,4
8243,1373,5
8244,1374,0
8245,1374,1
8246,1374,2
8247,1374,3
8248,1374,4
8249,1374,5
8250,1375,0
8251,1375,1
8252,1375,2
8253,1375,3
8254,1375,4
8255,1375,5
8256,1376,0
8257,1376,1
8258,1376,2
8259,1376,3
8260,1376,4
8261,1376,5
8262,1377,0
8263,1377,1
8264,1377,2
8265,1377,3
8266,1377,4
8267,1377,5
8268,1378,0
8269,1378,1
8270,1378,2
8271,1378,3
8272,1378,4
8273,1378,5
8274,1379,0
8275,1379,1
8276,1379,2
8277,1379,3
8278,1379,4
8279,1379,5
8280,1380,0
8281,1380,1
8282,1380,2
8283,1380,3
8284,1380,4
8285,1380,5
8286,1381,0
8287,1381,1
8288,1381,2
8289,1381,3
8290,1381,4
8291,1381,5
8292,1382,0
8293,1382,1
8294,1382,2
8295,1382,3
8296,1382,4
8297,1382,5
8298,1383,0
8299,1383,1
8300,1383,2
8301,1383,3
8302,1383,4
8303,1383,5
8304,1384,0
8305,1384,1
8306,1384,2
8307,1384,3
8308,1384,4
8309,1384,5
8310,1385,0
8311,1385,1
8312,1385,2
8313,1385,3
8314,1385,4
8315,1385,5
8316,1386,0
8317,1386,1
8318,1386,2
8319,1386,3
8320,1386,4
8321,1386,5
8322,1387,0
8323,1387,1
8324,1387,2
8325,1387,3
8326,1387,4
8327,1387,5
8328,1388,0
8329,1388,1
8330,1388,2
8331,1388,3
8332,1388,4
8333,1388,5
8334,1389,0
8335,1389,1
8336,1389,2
8337,1389,3
8338,1389,4
8339,1389,5
8340,1390,0
8341,1390,1
8342,1390,2
8343,1390,3
8344,1390,4
8345,1390,5
8346,1391,0
8347,1391,1
8348,1391,2
8349,1391,3
8350,1391,4
8351,1391,5
8352,1392,0
8353,1392,1
8354,1392,2
8355,1392,3
8356,1392,4
8357,1392,5
8358,1393,0
8359,1393,1
8360,1393,2
8361,1393,3
8362,1393,4
8363,1393,5
8364,1394,0
8365,1394,1
8366,1394,2
8367,1394,3
8368,1394,4
8369,1394,5
8370,1395,0
8371,1395,1
8372,1395,2
8373,1395,3
8374,1395,4
8375,1395,5
8376,1396,0
8377,1396,1
8378,1396,2
8379,1396,3
8380,1396,4
8381,1396,5
8382,1397,0
8383,1397,1
8384,1397,2
8385,1397,3
8386,1397,4
8387,1397,5
8388,1398,0
8389,1398,1
8390,1398,2
8391,1398,3
8392,1398,4
8393,1398,5
8394,1399,0
8395,1399,1
8396,1399,2
8397,1399,3
8398,1399,4
8399,1399,5
8400,1400,0
8401,1400,1
8402,1400,2
8403,1400,3
8404,1400,4
8405,1400,5
8406,1401,0
8407,1401,1
8408,1401,2
8409,1401,3
8410,1401,4
8411,1401,5
8412,1402,0
8413,1402,1
8414,1402,2
8415,1402,3
8416,1402,4
8417,1402,5
8418,1403,0
8419,1403,1
8420,1403,2
8421,1403,3
8422,1403,4
8423,1403,5
8424,1404,0
8425,1404,1
8426,1404,2
8427,1404,3
8428,1404,4
8429,1404,5
8430,1405,0
8431,1405,1
8432,1405,2
8433,1405,3
8434,1405,4
8435,1405,5
8436,1406,0
8437,1406,1
8438,1406,2
8439,1406,3
8440,1406,4
8441,1406,5
8442,1407,0
8443,1407,1
8444,1407,2
8445,1407,3
8446,1407,4
8447,1407,5
8448,1408,0
8449,1408,1
8450,1408,2
8451,1408,3
8452,1408,4
8453,1408,5
8454,1409,0
8455,1409,1
8456,1409,2
8457,1409,3
8458,1409,4
8459,1409,5
